0.0;13.134257467207679;25.32954082381947;7.323910752128177E-8;2.6621634820600842E-9;-5.398730885663063;0.1016366698135854
1.0;13.119844460686913;25.10336503150004;1.0282376235678925E-7;3.8075444773890184E-9;-5.936385462180219;0.10163666981358555
2.0;13.11415189374002;24.86867018063731;1.2502490609610655E-7;4.806692519120649E-9;-6.496582898473029;0.10163666981358571
3.0;13.156296777244227;24.62537250801872;1.4333260041616815E-7;5.797767123377052E-9;-7.059523698048196;0.1016366698135859
4.0;13.167167363971215;24.373578792814357;1.5911107878921294E-7;6.825543259206262E-9;-7.370162168527692;0.10163666981358616
5.0;13.175295544540951;24.118197485936538;1.730663147574116E-7;7.903276760664892E-9;-7.320325903442004;0.10163666981358646
6.0;13.212486285504927;23.86652388582367;1.8562148024223513E-7;9.031210565021142E-9;-7.061784431499689;0.10163666981358682
7.0;13.209667404412981;23.622592461116856;1.9705479721145036E-7;1.0204187409598751E-8;-6.22939392609576;0.10163666981358724
8.0;13.200636558950851;23.397453156586046;2.0756127629173208E-7;1.1415111462723297E-8;-3.9416397327492305;0.10163666981358775
9.0;13.227004974127018;23.219852429073132;2.172841931386463E-7;1.265654287210564E-8;-0.03898029847896112;0.1016366698135883
10.0;13.256395081361852;23.121452285445866;2.2633268777419475E-7;1.3921404408498388E-8;4.041964036284547;0.10163666981358895
11.0;13.322293674789808;23.105199206392186;2.347923129361485E-7;1.5203261349095614E-8;6.822780808876146;0.10163666981358965
12.0;13.345130162369694;23.14453821566485;2.4273170966866666E-7;1.6496398847815783E-8;8.610866140949398;0.10163666981359043
13.0;13.406396455262005;23.21927196770322;2.502070212031007E-7;1.7795806750377333E-8;10.074198445768033;0.10163666981359128
14.0;13.475600132486456;23.322856153008658;2.5726491866804564E-7;1.909712560767977E-8;11.068547275250715;0.10163666981359219
15.0;13.562337516920575;23.445857671608337;2.639447389787711E-7;2.039657980158181E-8;11.592799519652267;0.10163666981359316
16.0;13.623672896119118;23.578747835878;2.702800348726331E-7;2.169090988269878E-8;11.626394728643447;0.10163666981359419
17.0;13.645849703352903;23.711408714971427;2.762997239968126E-7;2.2977309388757455E-8;10.992849214983067;0.10163666981359529
18.0;13.69343127340665;23.830583422317765;2.820289574249502E-7;2.425336807460789E-8;9.698557884310965;0.10163666981359643
19.0;13.750416137603382;23.923504600315262;2.874897873884435E-7;2.551702189893298E-8;8.063114885966463;0.10163666981359762
20.0;13.795054125094453;23.98366600924326;2.9270168845156677E-7;2.676650940235913E-8;6.491995783288644;0.10163666981359885
21.0;13.82668180189284;24.012536346784657;2.9768196981780094E-7;2.8000333834594543E-8;4.746696458011357;0.10163666981360013
22.0;13.842266122379279;24.0068344064469;3.02446105482561E-7;2.921723032024637E-8;2.990739785587685;0.10163666981360146
23.0;13.906892130487005;23.96685253101633;3.070080015088624E-7;3.04161373807654E-8;1.7144274301017504;0.10163666981360282
24.0;13.923817414697119;23.902414386472735;3.1138021455948555E-7;3.159617219680104E-8;0.8592005422890097;0.10163666981360421
25.0;13.998932021172054;23.822144715983967;3.155741321998197E-7;3.2756609073358305E-8;0.17250408911084492;0.10163666981360563
26.0;14.041369390187972;23.72965177895581;3.1960012289712007E-7;3.389686064657732E-8;-0.2545716206015598;0.10163666981360707
27.0;14.096289271670951;23.63009374017118;3.2346766176336786E-7;3.501646144024395E-8;-0.35361454863802066;0.10163666981360853
28.0;14.095113354262551;23.529810845892705;3.271854367071408E-7;3.6115053440539027E-8;-0.2745189761623905;0.10163666981361001
29.0;14.134256653640291;23.432261447319487;3.3076143863087825E-7;3.719237340905549E-8;-0.2007906299384956;0.10163666981361151
30.0;14.177024414273635;23.337525691892104;3.342030385348045E-7;3.824824169753297E-8;-0.17185693407910207;0.10163666981361301
31.0;14.213578228908325;23.244676878989246;3.3751705379872615E-7;3.928255236411409E-8;0.24607228895354183;0.10163666981361454
32.0;14.252645186020715;23.161372764566302;3.407098054593161E-7;4.029526442127688E-8;1.8233621024180806;0.10163666981361608
33.0;14.321698949919957;23.110611162551074;3.43787167948604E-7;4.1286394070916215E-8;4.6523014265019995;0.1016366698136176
34.0;14.432784412802217;23.117182751333686;3.4675461248405943E-7;4.225600780318774E-8;7.663192282485916;0.10163666981361913
35.0;14.502146518458947;23.1841224392249;3.4961724508350616E-7;4.320421625341089E-8;9.652338960593312;0.10163666981362067
36.0;14.576545268848594;23.29045366708953;3.52379840005563E-7;4.4131168726158064E-8;10.79837418212059;0.10163666981362221
37.0;14.664067922546193;23.419204549634767;3.550468692782382E-7;4.503704830813139E-8;11.72367310592793;0.10163666981362374
38.0;14.768279247218988;23.565935861508695;3.5762252886709467E-7;4.59220675019557E-8;12.535127299055468;0.10163666981362526
39.0;14.887035681365106;23.728372651887852;3.6011076194426123E-7;4.678646432193213E-8;13.237203633632419;0.10163666981362679
40.0;14.991199562960984;23.904196122579762;3.625152796460786E-7;4.763049880037309E-8;13.481024586659323;0.1016366698136283
41.0;15.095472715439959;24.08414146975224;3.648395796469139E-7;4.845444985960194E-8;12.833176000113717;0.1016366698136298
42.0;15.186669704813102;24.250468079393823;3.670869628270202E-7;4.925861251023272E-8;11.348126645054961;0.1016366698136313
43.0;15.27002353691829;24.38664831107243;3.692605482711854E-7;5.00432953410961E-8;9.470664159572436;0.10163666981363277
44.0;15.367852433188093;24.485249289726323;3.7136328680067845E-7;5.080881827027405E-8;7.411733286041624;0.10163666981363423
45.0;15.413162692584157;24.542859836189844;3.7339797321238197E-7;5.1555510530247156E-8;4.903141503265324;0.10163666981363569
46.0;15.475874920667188;24.550819148868303;3.75367257374966E-7;5.2283708863232E-8;2.393864917077451;0.10163666981363711
47.0;15.51572147465561;24.509570643463025;3.77273654311699E-7;5.299375590546036E-8;0.962959375410918;0.10163666981363853
48.0;15.521772675603254;24.4406469016373;3.7911955338233774E-7;5.368599874148749E-8;0.5877806228039972;0.10163666981363993
49.0;15.513243156665464;24.36496406328653;3.8090722666197243E-7;5.436078761166029E-8;0.3633185649904007;0.10163666981364132
50.0;15.52475767221584;24.285597808261713;3.826388366022735E-7;5.5018474757671814E-8;-0.2858816925130938;0.10163666981364268
51.0;15.508685450780568;24.194143957111503;3.843164430499617E-7;5.5659413392707376E-8;-1.2647784117059615;0.10163666981364403
52.0;15.511766993201931;24.084160984929945;3.8594200968819437E-7;5.6283956784082625E-8;-2.050212933778134;0.10163666981364534
53.0;15.528795921485246;23.959818302980388;3.875174099587057E-7;5.689245743750649E-8;-2.316576446725634;0.10163666981364666
54.0;15.5220214495131;23.83147280901224;3.890444325157497E-7;5.74852663731956E-8;-2.2609199922262135;0.10163666981364794
55.0;15.502177763496666;23.70535301258475;3.9052478625701656E-7;5.806273248503854E-8;-1.6991229937634174;0.10163666981364922
56.0;15.487400975494673;23.591409794252844;3.9196010497158457E-7;5.862520197487299E-8;0.016866892347849216;0.10163666981365045
57.0;15.472484221819585;23.51237639163923;3.9335195164052213E-7;5.917301785471084E-8;2.979858082589672;0.10163666981365169
58.0;15.465272133742088;23.492612840873957;3.947018224218681E-7;5.970651951043593E-8;6.120998165491578;0.10163666981365288
59.0;15.442189922757832;23.535021601995776;3.9601115034831684E-7;6.022604232111697E-8;8.47247182019067;0.10163666981365406
60.0;15.444592922792552;23.623424916049192;3.972813087629523E-7;6.073191732863157E-8;10.262394392371775;0.10163666981365523
61.0;15.441424661246662;23.746361734239084;3.9851361451574546E-7;6.122447095279532E-8;11.827430117677167;0.10163666981365636
62.0;15.461714289719728;23.8991352072131;3.997093309412175E-7;6.170402474763707E-8;12.80373575582994;0.10163666981365749
63.0;15.500580945679063;24.070014412972988;4.008696706356238E-7;6.217089519486493E-8;13.21434500407895;0.10163666981365858
64.0;15.564639812057955;24.247847878881608;4.019957980502052E-7;6.262539353093082E-8;13.238234026857434;0.10163666981365965
65.0;15.620783262390617;24.425001478685317;4.030888319154437E-7;6.306782560443034E-8;12.811852343036989;0.10163666981366071
66.0;15.676425096692618;24.59253526298216;4.041498475098324E-7;6.34984917608714E-8;11.913483513187664;0.10163666981366175
67.0;15.69043851026943;24.740999742719293;4.0517987878539946E-7;6.391768675211338E-8;10.483141525974617;0.10163666981366276
68.0;15.734861338408749;24.86000861694015;4.061799203610876E-7;6.432569966802322E-8;8.305599585203034;0.10163666981366375
69.0;15.756233608408639;24.935104561468894;4.07150929394079E-7;6.472281388811472E-8;5.153989332643704;0.10163666981366472
70.0;15.771461813909568;24.94730940210135;4.080938273382457E-7;6.51093070511382E-8;1.988420743250252;0.10163666981366568
71.0;15.760944009838155;24.896805369058843;4.0900950159809126E-7;6.548545104077024E-8;0.1633528841224674;0.1016366698136666
72.0;15.732543053167106;24.81050649889718;4.0989880708581783E-7;6.585151198571797E-8;-0.43296511030955287;0.10163666981366751
73.0;15.704320712694797;24.712980557284606;4.1076256768849374E-7;6.620775027270402E-8;-0.7716183930414644;0.10163666981366841
74.0;15.685139783479347;24.609479266489682;4.116015776517045E-7;6.655442057093508E-8;-1.2752543061807842;0.10163666981366928
75.0;15.692149657771534;24.496971200432085;4.1241660288553323E-7;6.689177186678171E-8;-1.8593805275836104;0.10163666981367013
76.0;15.672277466230115;24.373946307920242;4.1320838219823275E-7;6.72200475075117E-8;-2.2265066596641887;0.10163666981367096
77.0;15.62270982054193;24.244522553449695;4.1397762846251507E-7;6.753948525302284E-8;-2.4043533641069956;0.10163666981367178
78.0;15.590862986627172;24.11245017975263;4.1472502971898515E-7;6.785031733461563E-8;-2.596634524692533;0.10163666981367259
79.0;15.55974165553987;23.977558954661486;4.154512502208863E-7;6.815277051993361E-8;-2.253235128563766;0.10163666981367336
80.0;15.523904719532638;23.850451770235175;4.1615693142399746E-7;6.844706618327766E-8;-0.45249267763046674;0.10163666981367413
81.0;15.535181298924346;23.76008710800001;4.168426929252245E-7;6.873342038057282E-8;2.9450830428463632;0.10163666981367488
82.0;15.5518673071864;23.737943665459113;4.1750913335315685E-7;6.901204392833272E-8;6.562136702465054;0.1016366698136756
83.0;15.593115396407145;23.787842581366885;4.181568312136123E-7;6.928314248602634E-8;8.997078553858543;0.1016366698136763
84.0;15.637772328182566;23.885833935544845;4.187863456929679E-7;6.954691664130756E-8;10.493284602411407;0.10163666981367701
85.0;15.670434052500553;24.012837285888345;4.1939821742186825E-7;6.980356199761835E-8;11.755810272809065;0.10163666981367768
86.0;15.725540724360282;24.16399978440708;4.1999296920171323E-7;7.005326926372212E-8;12.735279063686242;0.10163666981367835
87.0;15.790495467371011;24.333643843547538;4.20571106696154E-7;7.029622434476675E-8;13.50174401523877;0.10163666981367898
88.0;15.842768413003867;24.517360621992143;4.211331190896675E-7;7.053260843451461E-8;13.867511627408597;0.10163666981367962
89.0;15.932960355787834;24.707213243759323;4.216794797151346E-7;7.076259810841287E-8;13.45546543381979;0.10163666981368025
90.0;15.985798369438676;24.887756251688092;4.222106466522113E-7;7.098636541720915E-8;12.315567658813507;0.10163666981368084
91.0;16.028071772511126;25.044451687179656;4.227270632981616E-7;7.120407798084764E-8;10.692348922811924;0.10163666981368143
92.0;16.062768511207977;25.167884783521565;4.2322915891270535E-7;7.141589908240741E-8;8.27049968350152;0.10163666981368201
93.0;16.103065161535977;25.242576065068107;4.237173491383306E-7;7.162198776186927E-8;4.766253498251395;0.10163666981368256
94.0;16.10505922629086;25.247431631786608;4.241920364974231E-7;7.182249890952094E-8;1.3009547930145118;0.1016366698136831
95.0;16.1289504862548;25.18382803236838;4.2465361086747826E-7;7.201758335882965E-8;-0.5180270591044618;0.10163666981368365
96.0;16.11133836778162;25.08489801649965;4.251024499355756E-7;7.22073879786313E-8;-0.9324635470061082;0.10163666981368416
97.0;16.083504158605617;24.97851604840776;4.2553891963322233E-7;7.23920557645018E-8;-1.0377426984858928;0.10163666981368466
98.0;16.073581096739378;24.870908899839804;4.259633745526015E-7;7.257172592919236E-8;-1.4547766399304862;0.10163666981368516
99.0;16.118791468480936;24.7562817332012;4.26376158345194E-7;7.274653399202464E-8;-2.015106974381446;0.10163666981368563
100.0;16.117355934387493;24.631905169549242;4.267776041036841E-7;7.291661186715474E-8;-2.3992141236997995;0.1016366698136861
101.0;16.110786558184184;24.50110895164002;4.27168034728003E-7;7.308208795062707E-8;-2.535095938052777;0.10163666981368658
102.0;16.069354154619404;24.36866825250726;4.2754776327630985E-7;7.324308720614994E-8;-2.6677488090507424;0.101636669813687
103.0;16.059266609744128;24.23464930101782;4.2791709330166456E-7;7.339973124953467E-8;-2.306427097313694;0.10163666981368745
104.0;16.071374202603362;24.10909921144503;4.2827631917509977E-7;7.355213843174883E-8;-0.528377033557824;0.10163666981368788
105.0;16.08022597283522;24.02004762149798;4.286257263957581E-7;7.370042392054253E-8;2.7880803571196253;0.1016366698136883
106.0;16.130247914872655;23.997753087208032;4.2896559188872095E-7;7.38446997806143E-8;6.287620522612855;0.1016366698136887
107.0;16.167626523715857;24.045320311700724;4.2929618429112013E-7;7.39850750522894E-8;8.668235574848666;0.10163666981368909
108.0;16.249721455540836;24.14009466930995;4.296177642270886E-7;7.412165582868979E-8;10.092218096123275;0.10163666981368948
109.0;16.274627159730294;24.26262683659226;4.299305845720749E-7;7.425454533138039E-8;11.284982837831699;0.10163666981368985
110.0;16.310488892680084;24.407849413139868;4.3023489070701767E-7;7.438384398448158E-8;12.335019763247175;0.10163666981369021
111.0;16.33300251543582;24.572704418930396;4.3053092076284653E-7;7.450964948724159E-8;13.267968251658232;0.10163666981369056
112.0;16.359272096123288;24.754637866331574;4.308189058557525E-7;7.463205688506729E-8;13.755047602367725;0.10163666981369092
113.0;16.413249319697897;24.94481908408958;4.3109907031364487E-7;7.475115863901526E-8;13.224546046471573;0.10163666981369124
114.0;16.464042113134575;25.123159190774626;4.313716318941901E-7;7.486704469374788E-8;11.696273130096522;0.10163666981369157
115.0;16.494870661442825;25.26992519400467;4.31636801994806E-7;7.497980254396273E-8;9.699850317393945;0.1016366698136919
116.0;16.503678810973554;25.37596107969727;4.3189478585496613E-7;7.508951729930571E-8;7.351430602904941;0.10163666981369221
117.0;16.496814097942824;25.434519223867945;4.321457827511489E-7;7.519627174778068E-8;4.291197447920375;0.10163666981369252
118.0;16.492555288883963;25.4319223908076;4.323899861847493E-7;7.53001464176706E-8;1.3314072298582218;0.10163666981369282
119.0;16.486326504970034;25.370758459044954;4.3262758406325547E-7;7.540121963798703E-8;-0.09966437238563941;0.1016366698136931
120.0;16.45380817863004;25.28169716135896;4.3285875887497526E-7;7.549956759746569E-8;-0.1407775713274546;0.10163666981369338
121.0;16.412833699315325;25.192334121129;4.3308368785758427E-7;7.559526440212838E-8;0.11322711000060792;0.10163666981369367
122.0;16.38906958611918;25.108553546791434;4.333025431607539E-7;7.56883821314316E-8;0.04211016920424271;0.10163666981369393
123.0;16.36832276290459;25.02396851278678;4.3351549200310346E-7;7.577899089302388E-8;-0.26304753921915847;0.10163666981369418
124.0;16.324410049199265;24.93385789510088;4.3372269682371004E-7;7.586715887613434E-8;-0.45918061306812774;0.10163666981369443
125.0;16.29485610289336;24.8403910239571;4.3392431542839696E-7;7.595295240361622E-8;-0.629088646926732;0.10163666981369468
126.0;16.267858979179458;24.74420157176284;4.341205011310117E-7;7.60364359826689E-8;-0.8721909942783839;0.10163666981369493
127.0;16.197746525017948;24.643667656106736;4.34311402889894E-7;7.611767235426343E-8;-0.7336974590522445;0.10163666981369517
128.0;16.14343057980822;24.546248745119076;4.344971654397257E-7;7.61967225412959E-8;0.576781387891856;0.10163666981369539
129.0;16.146410906893607;24.47545459318527;4.346779294189425E-7;7.627364589549421E-8;3.1308942430629187;0.10163666981369561
130.0;16.15467706206389;24.455925706373954;4.348538314928837E-7;7.634850014310333E-8;5.839602964305612;0.10163666981369583
131.0;16.175524999478792;24.49030599941064;4.3502500447284273E-7;7.64213414293746E-8;7.833775021170808;0.10163666981369604
132.0;16.19543382167882;24.56399157038224;4.351915774311787E-7;7.649222436188458E-8;9.318800459562453;0.10163666981369625
133.0;16.227739074775798;24.666584284029803;4.3535367581263736E-7;7.656120205270885E-8;10.609621454306073;0.10163666981369644
134.0;16.294057832734936;24.794188355110844;4.355114215420268E-7;7.662832615947637E-8;11.340821873566327;0.10163666981369664
135.0;16.329267739412437;24.93550122020498;4.356649331283845E-7;7.669364692532948E-8;11.495324276964183;0.10163666981369683
136.0;16.369286228542705;25.078855576283097;4.3581432576576723E-7;7.675721321781489E-8;11.21384760891523;0.10163666981369701
137.0;16.426401581969227;25.215716119319126;4.3595971143078884E-7;7.68190725667303E-8;10.414975826100601;0.10163666981369719
138.0;16.48576279555075;25.336006780777744;4.361011989770262E-7;7.68792712009518E-8;9.000683153308259;0.10163666981369737
139.0;16.51457474938808;25.427577208596603;4.362388942264079E-7;7.69378540842661E-8;7.250082193427573;0.10163666981369754
140.0;16.53707974120526;25.483877607742002;4.363729000576954E-7;7.699486495023162E-8;5.352748731599576;0.1016366698136977
141.0;16.529843552445303;25.502173293993117;4.36503316492162E-7;7.705034633609287E-8;3.1373370829510563;0.10163666981369787
142.0;16.547532255155;25.476524233509632;4.3663024077656953E-7;7.710433961577081E-8;0.9689410096399058;0.10163666981369802
143.0;16.53792279270697;25.408275953055817;4.367537674635397E-7;7.715688503195292E-8;-0.1340600195193602;0.10163666981369818
144.0;16.51561225401241;25.318722580173247;4.3687398848941276E-7;7.720802172730517E-8;-0.21347708186959125;0.10163666981369833
145.0;16.514676018007325;25.22836206028838;4.3699099324968144E-7;7.725778777482877E-8;-0.17349914569990688;0.10163666981369847
146.0;16.47533156246138;25.139477299534416;4.3710486867208453E-7;7.730622020738319E-8;-0.6665646009328938;0.10163666981369862
147.0;16.44096909822539;25.041349656037216;4.372156992874434E-7;7.735335504639723E-8;-1.651992337898939;0.10163666981369876
148.0;16.36474211370288;24.924148327813825;4.373235672983173E-7;7.739922732978921E-8;-2.5214287342388104;0.10163666981369888
149.0;16.30546240571707;24.790235305214615;4.3742855264555426E-7;7.744387113911687E-8;-2.867175993279737;0.10163666981369902
150.0;16.26500579633454;24.650307140570977;4.375307330728081E-7;7.748731962597757E-8;-2.886952069394937;0.10163666981369915
151.0;16.230715186959298;24.510991593159286;4.3763018418909244E-7;7.75296050376781E-8;-2.4955954499614563;0.10163666981369927
152.0;16.20816334511156;24.380502267332638;4.377269795294357E-7;7.757075874219413E-8;-1.061277671944545;0.1016366698136994
153.0;16.202019543325687;24.27951926884755;4.3782119061370387E-7;7.761081125243786E-8;1.6306511743268217;0.10163666981369951
154.0;16.223622284406364;24.232844542205505;4.3791288700364936E-7;7.764979224985267E-8;4.196310553931269;0.10163666981369962
155.0;16.247879068472496;24.237596658020248;4.380021363582477E-7;7.768773060735283E-8;4.854570686323093;0.10163666981369973
156.0;16.27430910437072;24.25556995755556;4.380890044873763E-7;7.772465441162604E-8;3.582273350353077;0.10163666981369984
157.0;16.284445894594626;24.24838092028356;4.381735554038923E-7;7.7760590984816E-8;2.3201122767445597;0.10163666981369995
158.0;16.32927268392138;24.216568913953544;4.382558513741596E-7;7.779556690560217E-8;2.8145458360419866;0.10163666981370006
159.0;16.384896773033393;24.195339469135533;4.383359529670777E-7;7.782960802969283E-8;5.035717927615728;0.10163666981370015
160.0;16.3750959628767;24.218470592510066;4.384139191016597E-7;7.786273950974788E-8;7.189422950090865;0.10163666981370026
161.0;16.417402486968196;24.284134857911983;4.3848980709320697E-7;7.789498581474693E-8;7.62990677511376;0.10163666981370036
162.0;16.459223058729986;24.358280418806086;4.3856367269812494E-7;7.792637074881783E-8;6.581110513549994;0.10163666981370044
163.0;16.534772983893216;24.41153255430918;4.3863557015742455E-7;7.795691746954086E-8;5.1217329240216;0.10163666981370054
164.0;16.55200725508821;24.435849761994803;4.387055522389507E-7;7.798664850574268E-8;3.6013589807732345;0.10163666981370062
165.0;16.581599855905882;24.430087606703836;4.387736702783775E-7;7.801558577479467E-8;1.6884403229930882;0.1016366698137007
166.0;16.571456626255372;24.38663965595681;4.3883997421901063E-7;7.804375059942906E-8;-0.2093872545055575;0.1016366698137008
167.0;16.555131283548842;24.305950253495194;4.3890451265043305E-7;7.807116372408645E-8;-0.9148945900110803;0.10163666981370087
168.0;16.553375995838813;24.212008577004852;4.3896733284603147E-7;7.809784533080776E-8;-0.37700936316643663;0.10163666981370095
169.0;16.51778308414512;24.129440294556108;4.3902848079943724E-7;7.81238150546834E-8;0.1974492551374354;0.10163666981370102
170.0;16.48719751053825;24.058718502353095;4.3908800125991703E-7;7.814909199887178E-8;-0.213469075058633;0.1016366698137011
171.0;16.458388759742242;23.98027073595323;4.3914593776674427E-7;7.817369474919957E-8;-1.532063712193981;0.10163666981370117
172.0;16.402752471320643;23.87609578287568;4.392023326825835E-7;7.819764138835523E-8;-2.819777975513503;0.10163666981370124
173.0;16.35836182674329;23.746981920419834;4.392572272259185E-7;7.822094950968718E-8;-3.5283788881054434;0.10163666981370131
174.0;16.325853389480415;23.60474050875147;4.393106615025524E-7;7.824363623061787E-8;-3.9559484685458983;0.10163666981370138
175.0;16.309656196539258;23.45519661777006;4.3936267453620923E-7;7.826571820568442E-8;-3.8783039310539706;0.10163666981370145
176.0;16.270731055191977;23.30838077950519;4.3941330429826313E-7;7.82872116392163E-8;-2.2155787294843208;0.10163666981370151
177.0;16.267188565900543;23.19568226230715;4.394625877366227E-7;7.830813229766034E-8;1.1669444943620277;0.10163666981370158
178.0;16.25194781926456;23.150896177251333;4.3951056080379527E-7;7.832849552156313E-8;4.808822016943736;0.10163666981370163
179.0;16.25549465067676;23.17852404276752;4.3955725848415663E-7;7.834831623722002E-8;7.307128163550637;0.10163666981370169
180.0;16.236972536977262;23.255220655824672;4.396027148204488E-7;7.836760896800063E-8;9.021861738989294;0.10163666981370174
181.0;16.237172247328715;23.36499355402778;4.3964696293953036E-7;7.838638784535955E-8;10.416394585015375;0.10163666981370181
182.0;16.229440750798226;23.501237305266077;4.396900350774008E-7;7.840466661954152E-8;11.228806104777014;0.10163666981370185
183.0;16.259708297896726;23.652328762765727;4.3973196260352056E-7;7.842245866998924E-8;11.462283351379256;0.10163666981370191
184.0;16.289265792893726;23.806852413493594;4.3977277604444804E-7;7.843977701546254E-8;11.178510770105326;0.10163666981370197
185.0;16.286251573542085;23.954379595705273;4.398125051068137E-7;7.845663432387691E-8;10.31942495786339;0.10163666981370202
186.0;16.289080004373485;24.083471018997255;4.398511786996502E-7;7.847304292186936E-8;8.828946883682434;0.10163666981370206
187.0;16.299132610468302;24.18188288498533;4.398888249560986E-7;7.84890148040992E-8;6.947102578163758;0.1016366698137021
188.0;16.295756363220047;24.24214318017434;4.399254712545077E-7;7.850456164229118E-8;5.100898931276987;0.10163666981370216
189.0;16.253241128768227;24.265071598858142;4.3996114423894577E-7;7.85196947940286E-8;3.190551335058707;0.1016366698137022
190.0;16.23066040474033;24.249673879916635;4.399958698391406E-7;7.853442531130286E-8;1.100201860736739;0.10163666981370224
191.0;16.19497811915373;24.192796491554823;4.4002967328986434E-7;7.854876394882685E-8;-0.9479722242588977;0.10163666981370229
192.0;16.19695677858638;24.09580229040252;4.400625791497812E-7;7.85627211721184E-8;-3.035187001417924;0.10163666981370233
193.0;16.16035303164588;23.958303097405192;4.400946113197711E-7;7.857630716536061E-8;-4.905424926542082;0.10163666981370237
194.0;16.111971053018678;23.78474180870013;4.4012579306074634E-7;7.858953183904515E-8;-5.939088767957095;0.10163666981370241
195.0;16.04294672993807;23.59185862727791;4.401561470109746E-7;7.860240483740462E-8;-6.227953041357132;0.10163666981370245
196.0;15.961640077205566;23.394413213409635;4.401856952029234E-7;7.861493554564E-8;-6.11515881498898;0.10163666981370248
197.0;15.899299984763209;23.2004288746455;4.4021445907963954E-7;7.86271330969489E-8;-5.85208020142025;0.10163666981370252
198.0;15.861709270923644;23.01305836356477;4.4024245951067654E-7;7.863900637936017E-8;-5.60198785649591;0.10163666981370256
199.0;15.779169213579905;22.831877622621796;4.402697168075833E-7;7.865056404238038E-8;-4.853538434933917;0.10163666981370259
200.0;15.746891243326946;22.666713996425397;4.402962507389664E-7;7.866181450345746E-8;-2.722816703511718;0.10163666981370263
201.0;15.724502088091867;22.545042598772653;4.4032208054513875E-7;7.867276595426642E-8;0.8933100946852335;0.10163666981370266
202.0;15.728855521842819;22.49599750685085;4.4034722495236487E-7;7.868342636682253E-8;4.680995379215034;0.10163666981370269
203.0;15.709839129456084;22.522275195312957;4.4037170218671634E-7;7.869380349942644E-8;7.162317574942172;0.10163666981370273
204.0;15.720433995783905;22.59733370309299;4.4039552998754675E-7;7.8703904902446E-8;8.605377193781187;0.10163666981370276
205.0;15.706160463394363;22.700180484975238;4.4041872562059786E-7;7.871373792393959E-8;9.817159216064553;0.10163666981370278
206.0;15.738551427898066;22.826079652250243;4.404413058907467E-7;7.872330971512527E-8;10.728422463363366;0.10163666981370281
207.0;15.778229291550796;22.969123618837806;4.4046328715440476E-7;7.873262723569968E-8;11.311496442618086;0.10163666981370284
208.0;15.806252251660279;23.12263107630879;4.40484685331578E-7;7.874169725901158E-8;11.461689757915238;0.10163666981370287
209.0;15.819553638462935;23.27780858445454;4.405055159175976E-7;7.875052637709375E-8;10.725027700277948;0.1016366698137029
210.0;15.814257123013906;23.416935658154312;4.405257939945314E-7;7.875912100555679E-8;8.979224272855426;0.10163666981370292
211.0;15.849488658235117;23.520320137616935;4.405455342422832E-7;7.876748738834961E-8;6.950171036871907;0.10163666981370295
212.0;15.816910427359497;23.582570231538636;4.4056475094939137E-7;7.877563160238933E-8;5.355315768330627;0.10163666981370297
213.0;15.813623246480386;23.612493001275663;4.4058345802353215E-7;7.878355956206503E-8;4.000650533527029;0.10163666981370299
214.0;15.754154949483285;23.615019370261766;4.4060166900173804E-7;7.879127702361828E-8;2.758683287702347;0.101636669813703
215.0;15.67878439886993;23.592295900561993;4.4061939706033847E-7;7.879878958940423E-8;2.037534821553521;0.10163666981370303
216.0;15.628122489059708;23.554916038686187;4.4063665502463055E-7;7.880610271203647E-8;1.7967698468492088;0.10163666981370306
217.0;15.553669875103488;23.512526535331315;4.4065345537828746E-7;7.88132216984188E-8;1.7032865071973404;0.10163666981370308
218.0;15.470897446456934;23.467933183569674;4.4066981027251124E-7;7.882015171366727E-8;1.555225348293277;0.1016366698137031
219.0;15.38743433929005;23.420034383416002;4.4068573153493824E-7;7.882689778492523E-8;1.4332894734945967;0.10163666981370312
220.0;15.310302184511041;23.369407166741414;4.4070123067830275E-7;7.883346480507471E-8;1.4148859879434212;0.10163666981370315
221.0;15.238015255034512;23.31818057405886;4.4071631890886654E-7;7.88398575363466E-8;1.2798492156283885;0.10163666981370316
222.0;15.165744628111007;23.26407713305022;4.4073100713462017E-7;7.884608061383296E-8;0.973745898047504;0.10163666981370317
223.0;15.060912038613267;23.203580565504488;4.407453059732624E-7;7.885213854890346E-8;0.974720909774085;0.10163666981370319
224.0;15.007198969036166;23.14292225840474;4.407592257599645E-7;7.885803573252938E-8;1.879224748644873;0.10163666981370321
225.0;14.986583910164423;23.10038557162112;4.407727765549243E-7;7.886377643851705E-8;3.7495331238165193;0.10163666981370323
226.0;14.982287897438082;23.095136524899214;4.407859681507168E-7;7.886936482665373E-8;5.782247442684813;0.10163666981370326
227.0;14.990099548185366;23.130161321919086;4.407988100794459E-7;7.887480494576802E-8;7.264643307088313;0.10163666981370326
228.0;14.995755850818528;23.194229205321573;4.4081131161970395E-7;7.888010073670727E-8;8.356217530029944;0.10163666981370328
229.0;15.041858336056594;23.279515591972693;4.408234818033432E-7;7.888525603523448E-8;9.249048946552755;0.1016366698137033
230.0;15.058341135325332;23.38193125347832;4.4083532942206494E-7;7.889027457484632E-8;9.774451522951864;0.10163666981370331
231.0;15.07429796469325;23.493895340532593;4.4084686303383175E-7;7.88951599895153E-8;10.025850386247875;0.10163666981370333
232.0;15.10639300645597;23.60997221857433;4.40858090969106E-7;7.889991581635731E-8;9.974648365290044;0.10163666981370334
233.0;15.099673241226338;23.724022732113923;4.408690213369218E-7;7.890454549822729E-8;9.397279382207984;0.10163666981370335
234.0;15.12621582830329;23.825636388120337;4.408796620307929E-7;7.890905238624444E-8;8.255279386789326;0.10163666981370337
235.0;15.146560532127758;23.903897479065893;4.408900207344617E-7;7.891343974224935E-8;6.903876862812147;0.10163666981370338
236.0;15.121194827716412;23.954636739218632;4.409001049274942E-7;7.891771074119462E-8;5.8617688820183815;0.1016366698137034
237.0;15.12053387911615;23.984141871816668;4.4090992189072484E-7;7.892186847347094E-8;5.038069413208497;0.10163666981370341
238.0;15.098607952779922;23.996954907176548;4.409194787115542E-7;7.892591594717041E-8;4.129334759538587;0.10163666981370341
239.0;15.08127448501252;23.99147707000806;4.4092878228910536E-7;7.892985609028858E-8;3.158339147836891;0.10163666981370344
240.0;15.080549066820012;23.966760229614568;4.4093783933924207E-7;7.89336917528673E-8;2.2054843440953604;0.10163666981370344
241.0;15.05879339343763;23.923327816485266;4.409466563994512E-7;7.893742570907977E-8;1.3679177271129248;0.10163666981370345
242.0;15.040673954330419;23.863559417182024;4.4095523983359566E-7;7.894106065925908E-8;0.9158573529699297;0.10163666981370346
243.0;15.030037310420882;23.79529432009286;4.4096359583653886E-7;7.894459923187246E-8;0.8339107575955538;0.10163666981370348
244.0;14.966883576421537;23.725712590169458;4.409717304386459E-7;7.894804398544207E-8;0.891994564755386;0.10163666981370348
245.0;14.91798319583756;23.657413063556824;4.4097964951016405E-7;7.895139741041419E-8;0.8101155718439799;0.10163666981370349
246.0;14.86284161848766;23.587653016818056;4.409873587654857E-7;7.895466193097804E-8;0.5347540421964112;0.1016366698137035
247.0;14.783128181713796;23.51246817872581;4.4099486376729733E-7;7.89578399068357E-8;0.44675934990401345;0.10163666981370352
248.0;14.741230119397578;23.4356855935586;4.410021699306177E-7;7.896093363492442E-8;1.1276678990455338;0.10163666981370352
249.0;14.710598907620598;23.37276760063366;4.410092825267277E-7;7.896394535109238E-8;2.704199561898591;0.10163666981370353
250.0;14.700974175413965;23.341451293259365;4.4101620668699493E-7;7.89668772317298E-8;4.316856365211969;0.10163666981370355
251.0;14.672716242258225;23.3421515020419;4.410229474065968E-7;7.896973139535583E-8;5.199057727255436;0.10163666981370355
252.0;14.658472661456877;23.360086554003228;4.410295095481428E-7;7.89725099041631E-8;5.4387325847168455;0.10163666981370356
253.0;14.702718569748127;23.382736459561215;4.410358978452015E-7;7.897521476552052E-8;5.551339651132281;0.10163666981370356
254.0;14.717931193360775;23.407681336802074;4.410421169057321E-7;7.897784793343595E-8;5.561265398418577;0.10163666981370358
255.0;14.741846556626413;23.432770342593066;4.410481712154249E-7;7.89804113099795E-8;5.433462958521432;0.10163666981370358
256.0;14.750582435307283;23.455245025593147;4.4105406514095234E-7;7.898290674666855E-8;5.192983585348934;0.10163666981370359
257.0;14.795206015687906;23.473006348795323;4.410598029331333E-7;7.898533604581586E-8;4.765408634982727;0.10163666981370359
258.0;14.80391436474577;23.482395989187722;4.41065388730013E-7;7.898770096184128E-8;4.138286207408811;0.1016366698137036
259.0;14.803999937271985;23.47933259654842;4.4107082655986077E-7;7.899000320254837E-8;3.37853512648104;0.10163666981370362
260.0;14.804429804078321;23.461274753335275;4.410761203440876E-7;7.899224443036683E-8;2.648225690036327;0.10163666981370362
261.0;14.786823036872772;23.428863969766393;4.4108127390008563E-7;7.899442626356167E-8;1.8479231550286315;0.10163666981370362
262.0;14.765720706355655;23.380751727202842;4.41086290943993E-7;7.89965502774098E-8;1.0784504774611747;0.10163666981370363
263.0;14.74872106780155;23.317704803525857;4.410911750933836E-7;7.899861800534536E-8;0.7113676036332777;0.10163666981370363
264.0;14.734327650599353;23.247860856121438;4.4109592986988595E-7;7.900063094007421E-8;0.8092363299254686;0.10163666981370365
265.0;14.713289536922224;23.180462330225442;4.4110055870173203E-7;7.900259053465864E-8;1.0004786004229658;0.10163666981370365
266.0;14.713625128829278;23.11740564796732;4.4110506492623804E-7;7.900449820357299E-8;0.9672103499550033;0.10163666981370366
267.0;14.708215258021598;23.054282807477424;4.411094517922196E-7;7.900635532373115E-8;0.7769917837742071;0.10163666981370366
268.0;14.686844673161675;22.987883438060987;4.4111372246234183E-7;7.900816323548642E-8;0.612841718249669;0.10163666981370366
269.0;14.65398726909482;22.91862115843731;4.4111788001540727E-7;7.900992324360477E-8;0.29723276712259405;0.10163666981370367
270.0;14.613649375227318;22.843435724339017;4.4112192744858296E-7;7.901163661821194E-8;-0.3994465980361781;0.10163666981370367
271.0;14.57588886617027;22.754824517839975;4.4112586767956804E-7;7.901330459571539E-8;-0.7359689602118422;0.10163666981370367
272.0;14.542205305506155;22.660075009120796;4.4112970354870346E-7;7.901492837970134E-8;0.4514583449323126;0.10163666981370369
273.0;14.535045237894241;22.589540038213553;4.4113343782102597E-7;7.901650914180817E-8;3.201412569428882;0.10163666981370369
274.0;14.548172834910192;22.574116267539647;4.41137073188267E-7;7.901804802257629E-8;6.176951264737362;0.1016366698137037
275.0;14.524365303678964;22.617641798711812;4.411406122707986E-7;7.90195461322753E-8;8.290611812033944;0.1016366698137037
276.0;14.52169353941743;22.702418693886177;4.4114405761952735E-7;7.902100455170904E-8;9.832399513978153;0.1016366698137037
277.0;14.492913036845785;22.816705557060644;4.411474117177386E-7;7.902242433299936E-8;11.1002590143204;0.1016366698137037
278.0;14.505127869435338;22.9548720399709;4.411506769828905E-7;7.90238065003487E-8;11.81072010922675;0.10163666981370371
279.0;14.510623713419987;23.10582499828016;4.4115385576836107E-7;7.902515205078253E-8;11.965929190575572;0.10163666981370371
280.0;14.515766740104848;23.25842284369758;4.411569503651489E-7;7.902646195487172E-8;11.646667878871213;0.10163666981370373
281.0;14.48611084276458;23.40309124372952;4.411599630035281E-7;7.902773715743588E-8;10.714655184423961;0.10163666981370373
282.0;14.472268292520447;23.52769807999744;4.4116289585465956E-7;7.902897857822797E-8;9.115172445876112;0.10163666981370373
283.0;14.488033103427824;23.61946082241433;4.4116575103215937E-7;7.90301871126003E-8;7.305288794166309;0.10163666981370373
284.0;14.514897791882035;23.674737529485657;4.4116853059362556E-7;7.903136363215323E-8;5.90084103445016;0.10163666981370373
285.0;14.50158577843989;23.701759282104923;4.4117123654212397E-7;7.903250898536613E-8;4.70895217222823;0.10163666981370374
286.0;14.427977931322378;23.70451410579503;4.4117387082763513E-7;7.903362399821189E-8;3.5450764637613332;0.10163666981370374
287.0;14.38033933021919;23.68363011374133;4.4117643534846223E-7;7.90347094747549E-8;2.7614110966586694;0.10163666981370374
288.0;14.317823817122859;23.64691081842388;4.411789319526019E-7;7.903576619773295E-8;2.4015389345348055;0.10163666981370374
289.0;14.24257322928799;23.60275830891221;4.411813624390785E-7;7.903679492912394E-8;2.1151669902906605;0.10163666981370374
290.0;14.207881192426845;23.552837985499398;4.4118372855924287E-7;7.903779641069717E-8;1.6044998379571993;0.10163666981370376
291.0;14.146817666312012;23.492835875898955;4.4118603201803704E-7;7.90387713645502E-8;0.9565480826423212;0.10163666981370376
292.0;14.135018992922578;23.420251281642592;4.4118827447522443E-7;7.903972049363126E-8;0.3922071517635217;0.10163666981370376
293.0;14.101749193748747;23.336993286254394;4.411904575465887E-7;7.904064448224774E-8;0.1040788266050896;0.10163666981370377
294.0;14.073804668886845;23.248551898289637;4.411925828050991E-7;7.904154399656131E-8;0.08138346043721612;0.10163666981370377
295.0;13.991029746492217;23.15998242244782;4.4119465178204655E-7;7.904241968506963E-8;0.3141949487332596;0.10163666981370377
296.0;13.935775721637308;23.076210461999576;4.4119666596814826E-7;7.904327217907543E-8;0.9695571008532937;0.10163666981370377
297.0;13.913917600105497;23.00584494848339;4.411986268146239E-7;7.90441020931429E-8;2.1680114466905636;0.10163666981370377
298.0;13.892104339363147;22.959658262485707;4.4120053573424224E-7;7.904491002554225E-8;3.3778956805274376;0.10163666981370377
299.0;13.932296800425334;22.937946724314514;4.412023941023414E-7;7.904569655868206E-8;3.7543218071361224;0.10163666981370377
300.0;13.938965007746411;22.924120366215657;4.4120420325782053E-7;7.904646225953038E-8;3.290594218927403;0.10163666981370378
301.0;13.97266180223222;22.901456214177976;4.412059645041062E-7;7.904720768002464E-8;2.8638546903518503;0.10163666981370378
302.0;14.00168285871818;22.870880006565642;4.412076791100926E-7;7.90479333574704E-8;3.1987815379251643;0.10163666981370378
303.0;14.040641688834475;22.84756051705482;4.412093483110569E-7;7.904863981492988E-8;4.245955806081142;0.10163666981370378
304.0;14.089757851200485;22.845612462577687;4.412109733095508E-7;7.904932756159971E-8;5.290437257818489;0.10163666981370378
305.0;14.128895416910959;22.864773289117988;4.4121255527626744E-7;7.904999709317916E-8;5.625880439548304;0.10163666981370378
306.0;14.148073351786245;22.890665542520285;4.4121409535088615E-7;7.9050648892228E-8;5.300150548805632;0.10163666981370378
307.0;14.159952881610701;22.910013464315032;4.4121559464289455E-7;7.90512834285153E-8;4.692745063009276;0.10163666981370378
308.0;14.151831186292215;22.917175657533196;4.412170542323886E-7;7.90519011593588E-8;3.8147408804511755;0.1016366698137038
309.0;14.146788917556252;22.906837665429883;4.4121847517085184E-7;7.905250252995521E-8;2.460587652230295;0.1016366698137038
310.0;14.127359125083512;22.86969682005741;4.4121985848191346E-7;7.905308797370175E-8;1.1590618993007666;0.1016366698137038
311.0;14.097289663197392;22.806934039463147;4.4122120516208675E-7;7.90536579125092E-8;0.673610946571479;0.1016366698137038
312.0;14.093465443706004;22.73501928739099;4.4122251618148755E-7;7.905421275710665E-8;0.9915310026345665;0.1016366698137038
313.0;14.0503854415202;22.66986472572621;4.4122379248453394E-7;7.905475290733802E-8;1.453257624027536;0.10163666981370381
314.0;14.024175374004285;22.6141419691097;4.4122503499062724E-7;7.905527875245076E-8;1.5823044353942421;0.10163666981370381
315.0;14.003336676838297;22.56128692952218;4.41226244594815E-7;7.905579067137706E-8;1.4504651230061043;0.10163666981370381
316.0;13.959490777859141;22.506023761275394;4.4122742216843616E-7;7.905628903300728E-8;1.3626242321851763;0.10163666981370381
317.0;13.954811571837649;22.449328591562015;4.412285685597497E-7;7.905677419645627E-8;1.297230107336219;0.10163666981370381
318.0;13.916088205028746;22.39168060812039;4.4122968459454577E-7;7.905724651132279E-8;1.1551667260436744;0.10163666981370381
319.0;13.921588684425235;22.33162662967851;4.412307710767415E-7;7.905770631794164E-8;1.1749077400587211;0.10163666981370381
320.0;13.88289011963026;22.2723859604204;4.412318287889601E-7;7.90581539476295E-8;1.8606427439981204;0.10163666981370381
321.0;13.85153616830695;22.22694561729521;4.4123285849309566E-7;7.905858972292393E-8;3.245776776353466;0.10163666981370381
322.0;13.81386164168786;22.20900813497523;4.412338609308619E-7;7.905901395781628E-8;4.832164220285492;0.10163666981370381
323.0;13.829569968104515;22.222518346279937;4.412348368243271E-7;7.905942695797817E-8;6.258628896267197;0.10163666981370381
324.0;13.810743298663253;22.264093052035726;4.412357868764346E-7;7.905982902098218E-8;7.787069078646361;0.10163666981370381
325.0;13.850645006387944;22.33559787908794;4.412367117715095E-7;7.906022043651654E-8;9.178201277666787;0.10163666981370381
326.0;13.895115998614862;22.434331005796082;4.412376121757519E-7;7.906060148659415E-8;9.887549765934843;0.10163666981370383
327.0;13.931222186872375;22.54652190583559;4.4123848873771717E-7;7.906097244575604E-8;10.040328145329418;0.10163666981370383
328.0;13.960112207262366;22.660954448868214;4.4123934208878334E-7;7.906133358126956E-8;9.854909590250926;0.10163666981370383
329.0;13.957443900691652;22.7707265974363;4.412401728436063E-7;7.906168515332108E-8;9.148495998043273;0.10163666981370383
330.0;13.932834278592424;22.865318068862766;4.4124098160056273E-7;7.906202741520383E-8;7.823933809169937;0.10163666981370383
331.0;13.934100743937059;22.9326729279902;4.4124176894218133E-7;7.906236061350042E-8;6.317230456251494;0.10163666981370383
332.0;13.932922402464555;22.969568276626617;4.412425354355628E-7;7.906268498826095E-8;5.204129897384107;0.10163666981370383
333.0;13.92149179269206;22.9840246068522;4.412432816327885E-7;7.906300077317601E-8;4.370708738566464;0.10163666981370383
334.0;13.898085081675738;22.98168435780174;4.4124400807131825E-7;7.906330819574532E-8;3.5702677088400065;0.10163666981370384
335.0;13.88120543595819;22.963338498280475;4.412447152743777E-7;7.906360747744182E-8;2.624538494025927;0.10163666981370384
336.0;13.84296788376127;22.926195984704886;4.412454037513355E-7;7.906389883387131E-8;1.499731261396228;0.10163666981370384
337.0;13.811393908580987;22.86682837109022;4.412460739980703E-7;7.906418247492812E-8;0.4971031819306404;0.10163666981370384
338.0;13.785693800307056;22.78793096908202;4.412467264973281E-7;7.90644586049463E-8;0.08260265662515565;0.10163666981370384
339.0;13.737218543620786;22.701243130466416;4.4124736171907E-7;7.906472742284712E-8;0.23317943631948168;0.10163666981370384
340.0;13.703992760916567;22.617982815374784;4.4124798012081124E-7;7.906498912228241E-8;0.49483642743808787;0.10163666981370384
341.0;13.643066359000874;22.54025034562811;4.4124858214795035E-7;7.906524389177432E-8;0.4707490984209386;0.10163666981370384
342.0;13.621651260672552;22.462401273772453;4.412491682340906E-7;7.906549191485123E-8;0.0738252012073346;0.10163666981370384
343.0;13.59551311844967;22.37723034433053;4.4124973880135205E-7;7.906573337017997E-8;-0.03383182795541728;0.10163666981370384
344.0;13.56717400527152;22.2904968078312;4.4125029426067594E-7;7.906596843169479E-8;1.0004109035502822;0.10163666981370384
345.0;13.587971678519658;22.22503368263996;4.412508350121209E-7;7.90661972687227E-8;3.092450647668187;0.10163666981370384
346.0;13.564320498887072;22.20157281159062;4.412513614451507E-7;7.90664200461056E-8;5.39654425950652;0.10163666981370384
347.0;13.6086987615854;22.224018679710984;4.4125187393891567E-7;7.906663692431902E-8;7.335609483363264;0.10163666981370384
348.0;13.65094409518349;22.28502097851982;4.412523728625249E-7;7.906684805958798E-8;9.238239105094138;0.10163666981370384
349.0;13.671377071170818;22.383363620456034;4.41252858575313E-7;7.90670536039995E-8;10.910470643956735;0.10163666981370384
350.0;13.713229593647656;22.514124607779465;4.412533314270987E-7;7.906725370561225E-8;11.439122177612909;0.10163666981370384
351.0;13.742840379133616;22.654411233556196;4.412537917584369E-7;7.906744850856335E-8;10.829873543994879;0.10163666981370384
352.0;13.776706849204025;22.781585794911273;4.4125423990086394E-7;7.906763815317216E-8;9.91257502217109;0.10163666981370384
353.0;13.809347090543632;22.88969826149229;4.4125467617713664E-7;7.906782277604155E-8;9.111245084070958;0.10163666981370384
354.0;13.846632209267245;22.981245898559425;4.4125510090146475E-7;7.90680025101563E-8;8.303170179378476;0.10163666981370384
355.0;13.884260076885873;23.056281550570617;4.412555143797372E-7;7.906817748497897E-8;7.3508013574735145;0.10163666981370384
356.0;13.905219829030136;23.112032054887276;4.4125591690974274E-7;7.906834782654325E-8;6.259583730739287;0.10163666981370384
357.0;13.943797262357783;23.1459462939096;4.4125630878138426E-7;7.90685136575447E-8;4.897081235138167;0.10163666981370384
358.0;13.961323900403276;23.152853403225052;4.412566902768876E-7;7.906867509742935E-8;3.567972284971802;0.10163666981370384
359.0;13.95560669224357;23.133461302147833;4.412570616710051E-7;7.906883226247963E-8;2.4672171507175094;0.10163666981370385
360.0;13.993073431449913;23.092644926739307;4.412574232312134E-7;7.906898526589832E-8;1.4674337189744477;0.10163666981370385
361.0;13.993734318839737;23.032637992633337;4.4125777521790605E-7;7.906913421788998E-8;0.5642360830203899;0.10163666981370385
362.0;13.993467079926877;22.95535590563983;4.4125811788458136E-7;7.906927922574051E-8;-0.0497863896858064;0.10163666981370385
363.0;14.001222676104641;22.866722411158264;4.4125845147802475E-7;7.90694203938944E-8;-0.38626498934716835;0.10163666981370385
364.0;14.011895960246305;22.7723913156485;4.412587762384866E-7;7.906955782403005E-8;-0.5741111435102866;0.10163666981370385
365.0;13.997123249016;22.675246431506753;4.4125909239985536E-7;7.906969161513295E-8;-0.7957024704368933;0.10163666981370385
366.0;14.00911393134801;22.574657044726337;4.412594001898261E-7;7.906982186356715E-8;-1.2265158062379484;0.10163666981370385
367.0;13.959281753506373;22.46634251533801;4.412596998300642E-7;7.906994866314459E-8;-1.2690952867632603;0.10163666981370385
368.0;13.94716996642513;22.357944554867647;4.4125999153636576E-7;7.907007210519273E-8;0.16111608968856217;0.10163666981370385
369.0;13.927470209136636;22.27873904327011;4.412602755188121E-7;7.907019227862042E-8;3.144080243586018;0.10163666981370385
370.0;13.958293928586574;22.259365043136906;4.4126055198192174E-7;7.907030926998191E-8;6.3826305787504225;0.10163666981370385
371.0;13.944595345752749;22.304316679224357;4.4126082112479753E-7;7.907042316353921E-8;8.630936155550437;0.10163666981370385
372.0;13.958429112531823;22.3932993833866;4.4126108314127015E-7;7.907053404132283E-8;10.105560658515323;0.10163666981370385
373.0;13.947117284979006;22.510588756738404;4.4126133822003757E-7;7.907064198319089E-8;11.347889694760653;0.10163666981370385
374.0;13.952413528611553;22.651273739496062;4.4126158654480106E-7;7.907074706688669E-8;12.289026034738221;0.10163666981370385
375.0;13.976941941399161;22.809343665360238;4.412618282943976E-7;7.907084936809463E-8;12.960406665271947;0.10163666981370385
376.0;13.994564394440173;22.979351914811293;4.4126206364292854E-7;7.907094896049488E-8;13.156740739428443;0.10163666981370385
377.0;14.008581961989456;23.151734579960078;4.4126229275988503E-7;7.907104591581636E-8;12.425566363617015;0.10163666981370385
378.0;14.020993738542456;23.308098038672057;4.412625158102704E-7;7.907114030388846E-8;10.802999464925044;0.10163666981370385
379.0;14.00330547639535;23.43081174433992;4.412627329547185E-7;7.907123219269135E-8;8.873438431099913;0.10163666981370385
380.0;14.003480494347752;23.51407562600945;4.4126294434960984E-7;7.907132164840493E-8;7.178417451570475;0.10163666981370385
381.0;13.982985728036336;23.562898840355253;4.41263150147184E-7;7.907140873545658E-8;5.570655843199155;0.10163666981370385
382.0;14.000151050943453;23.579430447042828;4.412633504956493E-7;7.907149351656754E-8;4.00666386709262;0.10163666981370385
383.0;14.026371511882823;23.56507914777822;4.4126354553928975E-7;7.907157605279802E-8;2.9745512135599057;0.10163666981370385
384.0;14.029135316027624;23.530594881899976;4.412637354185687E-7;7.907165640359135E-8;2.5317504562629765;0.10163666981370385
385.0;14.011884617000572;23.487618031503285;4.412639202702301E-7;7.907173462681671E-8;2.1448949661610186;0.10163666981370385
386.0;13.99456646017622;23.437241026716325;4.412641002273971E-7;7.90718107788108E-8;1.3405991009836313;0.10163666981370385
387.0;13.981283468193775;23.371299431568595;4.4126427541966784E-7;7.907188491441845E-8;0.09562369856897135;0.10163666981370385
388.0;13.964560039982588;23.28123194095448;4.412644459732088E-7;7.907195708703218E-8;-0.9645352520975266;0.10163666981370385
389.0;13.944836484422137;23.170898575390094;4.4126461201084564E-7;7.907202734863061E-8;-1.1602309598812752;0.10163666981370385
390.0;13.937242368258813;23.057641129165653;4.412647736521519E-7;7.907209574981591E-8;-0.7022293298151041;0.10163666981370385
391.0;13.920639159271042;22.954431713647754;4.4126493101353475E-7;7.907216233985029E-8;0.22691864457073763;0.10163666981370385
392.0;13.90739939543472;22.870463754862463;4.4126508420831906E-7;7.907222716669144E-8;1.8644169998390723;0.10163666981370385
393.0;13.887306494636183;22.81954169540558;4.4126523334682897E-7;7.907229027702709E-8;4.300970838593919;0.10163666981370385
394.0;13.892715218832304;22.817239493161573;4.4126537853646747E-7;7.907235171630864E-8;6.916949836243404;0.10163666981370385
395.0;13.902016980521067;22.86677291151605;4.4126551988179346E-7;7.907241152878398E-8;8.842098635939031;0.10163666981370385
396.0;13.909032845809074;22.953978513108442;4.4126565748459745E-7;7.90724697575293E-8;10.241672375842683;0.10163666981370385
397.0;13.900688394824114;23.06800543542252;4.412657914439744E-7;7.907252644448E-8;11.392232107585627;0.10163666981370385
398.0;13.950054601370734;23.203877082860938;4.4126592185639563E-7;7.907258163046111E-8;12.0090239821943;0.10163666981370385
399.0;13.995211951687478;23.35108091265323;4.4126604881577785E-7;7.907263535521662E-8;12.073419351594872;0.10163666981370385
400.0;14.046243592478215;23.49858898470469;4.41266172413551E-7;7.907268765743808E-8;11.665976687749499;0.10163666981370385
401.0;14.107792800932957;23.637146369621476;4.4126629273872414E-7;7.907273857479244E-8;10.569247743322869;0.10163666981370385
402.0;14.103930319562222;23.7529348384182;4.4126640987794947E-7;7.90727881439493E-8;8.633649403731603;0.10163666981370385
403.0;14.145799886815894;23.829494917226338;4.4126652391558467E-7;7.90728364006072E-8;6.539455788203462;0.10163666981370385
404.0;14.145263143412667;23.86408524020468;4.412666349337539E-7;7.90728833795194E-8;5.175625799915913;0.10163666981370385
405.0;14.157201900761672;23.871418634713958;4.412667430124067E-7;7.907292911451894E-8;4.552540816726001;0.10163666981370385
406.0;14.174414006349243;23.866499293507353;4.412668482293756E-7;7.907297363854291E-8;3.9142440590435186;0.10163666981370385
407.0;14.170639864539694;23.84906797872454;4.412669506604324E-7;7.907301698365623E-8;2.7114637795792262;0.10163666981370385
408.0;14.192312637673535;23.808106574074465;4.4126705037934257E-7;7.907305918107482E-8;0.8872939708468408;0.10163666981370385
409.0;14.179349598218941;23.731506852608625;4.4126714745791825E-7;7.907310026118797E-8;-0.7687247699020503;0.10163666981370385
410.0;14.167522855152152;23.62278133787293;4.4126724196607017E-7;7.907314025358029E-8;-1.4780882042987145;0.10163666981370385
411.0;14.138303743862982;23.500887564266108;4.412673339718579E-7;7.907317918705304E-8;-1.3172895570902483;0.10163666981370385
412.0;14.13962196822415;23.383231968290424;4.41267423541539E-7;7.907321708964474E-8;-1.007732365606465;0.10163666981370385
413.0;14.137710666148285;23.272847165296657;4.4126751073961646E-7;7.907325398865158E-8;-1.065881885474461;0.10163666981370385
414.0;14.116405058661442;23.162277685588784;4.4126759562888564E-7;7.907328991064687E-8;-1.4967343088665928;0.10163666981370385
415.0;14.088438185487988;23.04402692095677;4.412676782704789E-7;7.907332488150033E-8;-1.6179791004547894;0.10163666981370385
416.0;14.099207499121622;22.9244530033381;4.4126775872391004E-7;7.907335892639669E-8;-0.4603491097104637;0.10163666981370385
417.0;14.11089545908593;22.829055495744075;4.41267837047117E-7;7.907339206985375E-8;2.063532392424243;0.10163666981370385
418.0;14.12960417134308;22.7846598220055;4.4126791329650376E-7;7.907342433574016E-8;4.7817970630351;0.10163666981370385
419.0;14.145089748071552;22.794629662479522;4.412679875269805E-7;7.90734557472925E-8;6.68645391951442;0.10163666981370385
420.0;14.161475659030758;22.842329748620045;4.412680597920039E-7;7.907348632713209E-8;8.045786683267728;0.10163666981370385
421.0;14.21907639356015;22.91681321434814;4.4126813014361473E-7;7.907351609728126E-8;9.15617993638034;0.10163666981370385
422.0;14.241307577513238;23.012918839071286;4.412681986324763E-7;7.907354507917921E-8;9.831417477546907;0.10163666981370385
423.0;14.278937120202194;23.12173317371928;4.4126826530791007E-7;7.907357329369743E-8;10.069365861061598;0.10163666981370385
424.0;14.301004129441704;23.234480383074185;4.4126833021793174E-7;7.907360076115483E-8;9.92652651763823;0.10163666981370385
425.0;14.365328487351377;23.343724103190937;4.412683934092857E-7;7.907362750133218E-8;9.280055577724816;0.10163666981370385
426.0;14.414254645934447;23.43966575127872;4.4126845492747846E-7;7.907365353348657E-8;8.011747394897633;0.10163666981370385
427.0;14.460185974016683;23.510046957069697;4.412685148168117E-7;7.907367887636515E-8;6.53837185646961;0.10163666981370385
428.0;14.452865803109031;23.550784013917806;4.4126857312041414E-7;7.907370354821868E-8;5.3588230114872175;0.10163666981370385
429.0;14.500213917731411;23.567991125331552;4.412686298802724E-7;7.907372756681465E-8;4.362920468744271;0.10163666981370385
430.0;14.485057461080634;23.565486316597745;4.412686851372614E-7;7.907375094945011E-8;3.4449923892179797;0.10163666981370385
431.0;14.514003443433381;23.5449202842742;4.4126873893117387E-7;7.90737737129641E-8;2.7392428161108313;0.10163666981370385
432.0;14.56159430973402;23.510972017196814;4.412687913007488E-7;7.907379587374976E-8;2.236484542117779;0.10163666981370385
433.0;14.54131417163961;23.467541997349457;4.412688422836995E-7;7.907381744776619E-8;1.8505188514647344;0.10163666981370385
434.0;14.531300099447042;23.41675531282917;4.412688919167408E-7;7.90738384505499E-8;1.6164431822885987;0.10163666981370385
435.0;14.503073503241072;23.361647771612997;4.4126894023561513E-7;7.907385889722605E-8;1.5479317445674212;0.10163666981370385
436.0;14.500131369760462;23.305573200002634;4.412689872751188E-7;7.907387880251927E-8;1.5598591824457486;0.10163666981370385
437.0;14.504093948033931;23.25028855323476;4.412690330691267E-7;7.907389818076429E-8;1.570235600747445;0.10163666981370385
438.0;14.473104788542111;23.195616009131008;4.4126907765061667E-7;7.907391704591633E-8;1.5597751266057571;0.10163666981370385
439.0;14.452601847346415;23.141020151224716;4.4126912105169354E-7;7.907393541156107E-8;1.7258793236852625;0.10163666981370385
440.0;14.469851488513122;23.090229896799162;4.4126916330361193E-7;7.907395329092445E-8;2.3361168335250113;0.10163666981370385
441.0;14.445869648981315;23.051971255930404;4.41269204436799E-7;7.907397069688222E-8;3.412624166003205;0.10163666981370385
442.0;14.436655332610338;23.03521735134153;4.4126924448087626E-7;7.907398764196919E-8;4.4665419175057295;0.10163666981370385
443.0;14.413593770212366;23.039313972040603;4.4126928346468077E-7;7.90740041383883E-8;4.7922936539806145;0.10163666981370385
444.0;14.441074008047146;23.04983776566884;4.412693214162862E-7;7.907402019801934E-8;4.457469721407627;0.10163666981370385
445.0;14.45799435234583;23.05385283616161;4.412693583630228E-7;7.907403583242756E-8;4.07652060282048;0.10163666981370385
446.0;14.465267811218386;23.05041175897691;4.4126939433149725E-7;7.907405105287199E-8;3.9851020312434997;0.10163666981370385
447.0;14.461034703564264;23.045210469579764;4.4126942934761165E-7;7.907406587031354E-8;4.073854885911501;0.10163666981370385
448.0;14.453082808228837;23.04175568926263;4.412694634365823E-7;7.907408029542283E-8;4.100273383657978;0.10163666981370385
449.0;14.479767528590063;23.038950706865908;4.4126949662295796E-7;7.907409433858806E-8;3.7916205390610784;0.10163666981370385
450.0;14.475556626407087;23.030176707504438;4.41269528930637E-7;7.907410800992227E-8;3.1412573859518105;0.10163666981370385
451.0;14.486376495764414;23.008658278625738;4.412695603828856E-7;7.907412131927075E-8;2.4766479004662116;0.10163666981370385
452.0;14.508186837962937;22.974365431128366;4.412695910023534E-7;7.907413427621814E-8;2.092376374250648;0.10163666981370385
453.0;14.469334401812292;22.932721123518714;4.412696208110906E-7;7.907414689009525E-8;1.9188897319358418;0.10163666981370385
454.0;14.43787096989555;22.887709313056746;4.4126964983056343E-7;7.907415916998587E-8;1.7716502178279754;0.10163666981370385
455.0;14.430694476969416;22.84003794097852;4.4126967808166973E-7;7.907417112473322E-8;1.5118225970013484;0.10163666981370385
456.0;14.40794927393235;22.78754672537765;4.4126970558475414E-7;7.90741827629464E-8;1.2025536704474291;0.10163666981370385
457.0;14.401404485381022;22.72930969906287;4.412697323596224E-7;7.907419409300655E-8;0.9438367132527219;0.10163666981370385
458.0;14.369633446544745;22.666336601507552;4.412697584255562E-7;7.907420512307288E-8;0.733689099215006;0.10163666981370385
459.0;14.330499562164917;22.59947592311734;4.4126978380132624E-7;7.907421586108857E-8;0.5900798423127256;0.10163666981370385
460.0;14.262324917662548;22.529902514680714;4.4126980850520663E-7;7.90742263147865E-8;0.5303371470249871;0.10163666981370385
461.0;14.22915313045349;22.45933423817701;4.412698325549874E-7;7.907423649169478E-8;0.4921829050903668;0.10163666981370385
462.0;14.194251835846769;22.388368668384132;4.412698559679875E-7;7.90742463991422E-8;0.37626864081914846;0.10163666981370385
463.0;14.17515589746732;22.31554147808195;4.412698787610675E-7;7.907425604426347E-8;0.40145486386438023;0.10163666981370385
464.0;14.147685244158147;22.243696759759423;4.412699009506413E-7;7.907426543400441E-8;0.8763176260504579;0.10163666981370385
465.0;14.136331073881687;22.181758126192893;4.4126992255268843E-7;7.907427457512691E-8;1.7833353894209623;0.10163666981370385
466.0;14.132513883462408;22.13829142509502;4.412699435827652E-7;7.907428347421386E-8;2.889703789521313;0.10163666981370385
467.0;14.14324576413443;22.117167254055648;4.4126996405601604E-7;7.907429213767383E-8;4.344903115037631;0.10163666981370385
468.0;14.167941076311893;22.12520591924613;4.412699839871844E-7;7.907430057174566E-8;6.331891948228964;0.10163666981370385
469.0;14.184095266086336;22.172665578608044;4.412700033906233E-7;7.907430878250306E-8;8.182572470556167;0.10163666981370385
470.0;14.164007423318253;22.256243957258206;4.412700222803057E-7;7.907431677585888E-8;9.000217456643803;0.10163666981370385
471.0;14.15117538508695;22.355015934088375;4.412700406698348E-7;7.907432455756942E-8;8.904453547489652;0.10163666981370385
472.0;14.148984981361563;22.450854453683238;4.412700585724534E-7;7.907433213323856E-8;8.343208836852718;0.10163666981370385
473.0;14.186535995326096;22.534829584218965;4.4127007600105375E-7;7.907433950832185E-8;7.23584213416833;0.10163666981370385
474.0;14.231105132372742;22.596482800657782;4.4127009296818677E-7;7.90743466881303E-8;5.308363373828719;0.10163666981370385
475.0;14.225348849840293;22.619596791132654;4.41270109486071E-7;7.907435367783439E-8;3.240571189313094;0.10163666981370385
476.0;14.23324452968152;22.60159736304431;4.412701255666014E-7;7.907436048246763E-8;1.9603662930789199;0.10163666981370385
477.0;14.225145931961867;22.558451299290986;4.4127014122135815E-7;7.907436710693026E-8;1.2989526730964087;0.10163666981370385
478.0;14.206046354844565;22.502511790146887;4.412701564616147E-7;7.907437355599282E-8;0.7804691811194573;0.10163666981370385
479.0;14.180505989030241;22.43664590972785;4.4127017129834604E-7;7.907437983429948E-8;0.49746144531190595;0.10163666981370385
480.0;14.167483842464588;22.365638940014534;4.412701857422365E-7;7.907438594637147E-8;0.519073660280327;0.10163666981370385
481.0;14.16183962418778;22.295663266303986;4.412701998036877E-7;7.907439189661026E-8;0.6368360587304807;0.10163666981370385
482.0;14.163870853225502;22.228684193235125;4.412702134928256E-7;7.907439768930088E-8;0.4738242429041222;0.10163666981370385
483.0;14.109145118385197;22.158875514106477;4.412702268195082E-7;7.907440332861483E-8;0.061113012703089;0.10163666981370385
484.0;14.07941154415226;22.081175063745498;4.412702397933325E-7;7.907440881861313E-8;-0.33610270321952385;0.10163666981370385
485.0;14.015588234152622;21.995918923643536;4.4127025242364125E-7;7.907441416324938E-8;-0.561402584205176;0.10163666981370385
486.0;13.990679907630309;21.906608760390128;4.4127026471952996E-7;7.907441936637237E-8;-0.7591073525093961;0.10163666981370385
487.0;13.944925276858937;21.813915288383903;4.4127027668985336E-7;7.907442443172907E-8;-0.7538187128995659;0.10163666981370385
488.0;13.90138211821864;21.72179662538243;4.412702883432316E-7;7.90744293629672E-8;-0.08206778761523026;0.10163666981370385
489.0;13.872916567677391;21.643514230209203;4.412702996880565E-7;7.907443416363792E-8;1.3282816488637508;0.10163666981370385
490.0;13.848721252293233;21.593635399165514;4.41270310732498E-7;7.907443883719835E-8;2.9184809362947775;0.10163666981370385
491.0;13.845599372735663;21.575564304657988;4.412703214845094E-7;7.907444338701407E-8;4.367685537737188;0.10163666981370385
492.0;13.86912562951678;21.586434778093853;4.4127033195183354E-7;7.907444781636154E-8;5.976048590982288;0.10163666981370385
493.0;13.881847279196833;21.629187143612747;4.4127034214200836E-7;7.907445212843052E-8;7.5021764352136415;0.10163666981370385
494.0;13.92137432365577;21.7019632002907;4.41270352062372E-7;7.90744563263262E-8;8.301761755478232;0.10163666981370385
495.0;13.927356218566915;21.790062894729736;4.4127036172006845E-7;7.907446041307168E-8;8.482208255394035;0.10163666981370385
496.0;13.93822543889728;21.880952294123684;4.412703711220526E-7;7.907446439160992E-8;8.225206563696155;0.10163666981370385
497.0;13.975277533613456;21.966105026371267;4.4127038027509495E-7;7.907446826480603E-8;7.233337800033389;0.10163666981370385
498.0;14.000069662980614;22.031108523582173;4.4127038918578695E-7;7.907447203544919E-8;5.299280754285817;0.10163666981370385
499.0;14.028375521014906;22.057482624074282;4.412703978605455E-7;7.907447570625479E-8;3.1858172804894025;0.10163666981370385
500.0;14.013939350463897;22.041862502666767;4.412704063056175E-7;7.907447927986626E-8;1.9794807179067178;0.10163666981370387
501.0;14.050347773444928;22.002645497006164;4.412704145270845E-7;7.90744827588571E-8;1.604877789637186;0.10163666981370387
502.0;14.060096315719885;21.95662741870411;4.41270422530867E-7;7.907448614573259E-8;1.322168894786877;0.10163666981370387
503.0;14.048692184246963;21.90545874633738;4.4127043032272877E-7;7.90744894429318E-8;0.990668123798109;0.10163666981370387
504.0;14.073614011965695;21.848302088030813;4.4127043790828103E-7;7.907449265282909E-8;0.6905598066857124;0.10163666981370387
505.0;14.082946889939192;21.785935654936782;4.412704452929862E-7;7.907449577773605E-8;0.42031592373545124;0.10163666981370387
506.0;14.097774934862517;21.718952833413113;4.412704524821624E-7;7.907449881990299E-8;0.10023125042943803;0.10163666981370387
507.0;14.108098310974697;21.646417320581477;4.4127045948098666E-7;7.907450178152068E-8;-0.3660309159722601;0.10163666981370387
508.0;14.116720524251715;21.56546201847438;4.412704662944991E-7;7.907450466472188E-8;-0.5016003680700507;0.10163666981370387
509.0;14.124038263772224;21.482695331454288;4.4127047292760627E-7;7.907450747158285E-8;0.5837585252871094;0.10163666981370387
510.0;14.125765661362179;21.422249522691658;4.412704793850849E-7;7.90745102041249E-8;2.9997422173108816;0.10163666981370387
511.0;14.155994933471513;21.41033823837278;4.412704856715852E-7;7.907451286431588E-8;5.457873428970316;0.10163666981370387
512.0;14.182280644202253;21.44743865895842;4.412704917916343E-7;7.90745154540714E-8;6.268602876138537;0.10163666981370387
513.0;14.202161159696509;21.500436845538573;4.412704977496394E-7;7.907451797525644E-8;5.418409759136878;0.10163666981370387
514.0;14.195935134460232;21.536166101763637;4.4127050354989094E-7;7.90745204296866E-8;4.661029315447628;0.10163666981370387
515.0;14.229910286812478;21.556703562734075;4.4127050919656593E-7;7.907452281912939E-8;5.504280178867582;0.10163666981370387
516.0;14.282327469258096;21.59414218688906;4.412705146937308E-7;7.90745251453055E-8;7.747702547832986;0.10163666981370387
517.0;14.293095912348871;21.67589362056706;4.41270520045344E-7;7.907452740989011E-8;10.08083183955818;0.10163666981370387
518.0;14.301430906906257;21.803084987210752;4.412705252552596E-7;7.907452961451398E-8;11.460798502624705;0.10163666981370387
519.0;14.350780214262931;21.956610303668707;4.412705303272293E-7;7.907453176076476E-8;12.082197404494963;0.10163666981370387
520.0;14.375817157205383;22.12128661797502;4.4127053526490565E-7;7.907453385018801E-8;12.269365720612157;0.10163666981370387
521.0;14.454410839369341;22.288563433798398;4.412705400718443E-7;7.907453588428839E-8;11.489311612245018;0.10163666981370387
522.0;14.548241855190005;22.43961934734457;4.412705447515069E-7;7.90745378645307E-8;9.523735603364408;0.10163666981370387
523.0;14.58719178513784;22.550967234202346;4.412705493072635E-7;7.9074539792341E-8;7.321965977721071;0.10163666981370387
524.0;14.590665466095153;22.617882962680305;4.4127055374239476E-7;7.907454166910755E-8;5.953570049410473;0.10163666981370387
525.0;14.62432196986531;22.657261967833787;4.412705580600945E-7;7.907454349618188E-8;5.247928395366657;0.10163666981370387
526.0;14.609348621051584;22.68238776872577;4.412705622634721E-7;7.90745452748797E-8;4.589907973853208;0.10163666981370387
527.0;14.614768880754673;22.694207211651225;4.412705663555545E-7;7.907454700648192E-8;3.6831242416306367;0.10163666981370387
528.0;14.623388302646566;22.68804476833477;4.412705703392885E-7;7.90745486922355E-8;2.5171225839863496;0.10163666981370387
529.0;14.666828194766401;22.659137027621576;4.4127057421754294E-7;7.907455033335444E-8;1.415416406839931;0.10163666981370387
530.0;14.679660425832791;22.608995392548078;4.4127057799311067E-7;7.907455193102054E-8;0.8266436917637066;0.10163666981370387
531.0;14.692635564240566;22.547825411403554;4.412705816687106E-7;7.90745534863843E-8;0.7307658169350049;0.10163666981370387
532.0;14.716113304445118;22.48553648406001;4.412705852469896E-7;7.90745550005658E-8;0.7548951591969981;0.10163666981370387
533.0;14.70056185814996;22.424370991338073;4.4127058873052457E-7;7.907455647465547E-8;0.5019282537574696;0.10163666981370387
534.0;14.727488874493005;22.358858475727544;4.412705921218239E-7;7.907455790971481E-8;-0.01739364118397191;0.10163666981370387
535.0;14.753888260953357;22.283976257398624;4.4127059542333E-7;7.907455930677727E-8;-0.24342771858797363;0.10163666981370387
536.0;14.763904610618672;22.205533329032342;4.4127059863742017E-7;7.907456066684893E-8;0.3818358373478361;0.10163666981370387
537.0;14.785310206457568;22.140379206375318;4.412706017664091E-7;7.907456199090916E-8;1.8842180382211424;0.10163666981370387
538.0;14.835656810457332;22.105930447871547;4.4127060481255E-7;7.90745632799115E-8;3.640470608230025;0.10163666981370387
539.0;14.899142273263145;22.107112901718303;4.4127060777803657E-7;7.907456453478421E-8;5.110775896706578;0.10163666981370387
540.0;14.957422007351264;22.137960087254353;4.4127061066500437E-7;7.907456575643091E-8;6.444294295039789;0.10163666981370387
541.0;15.010803948665012;22.195426858585932;4.4127061347553227E-7;7.90745669457314E-8;7.6077349010789135;0.10163666981370387
542.0;15.107470208816848;22.276079155364528;4.412706162116442E-7;7.907456810354212E-8;8.136599848915488;0.10163666981370387
543.0;15.20105152493988;22.367333198800974;4.4127061887531056E-7;7.907456923069682E-8;8.114502504019711;0.10163666981370387
544.0;15.275981746624375;22.45808072714088;4.4127062146844957E-7;7.90745703280072E-8;7.720334186139041;0.10163666981370387
545.0;15.384266994259281;22.54104225218303;4.4127062399292857E-7;7.907457139626346E-8;6.752402890981315;0.10163666981370387
546.0;15.474592428245627;22.60501822835127;4.4127062645056555E-7;7.907457243623489E-8;4.977443603176489;0.10163666981370387
547.0;15.568467268940282;22.634163007703588;4.412706288431303E-7;7.907457344867043E-8;3.113795247471394;0.10163666981370387
548.0;15.633016396938393;22.62693539680754;4.4127063117234573E-7;7.907457443429911E-8;2.2051404028355535;0.10163666981370387
549.0;15.628860744029227;22.602098243888896;4.4127063343988925E-7;7.907457539383077E-8;2.234273192944812;0.10163666981370387
550.0;15.667498182858818;22.578251265879125;4.4127063564739375E-7;7.907457632795636E-8;2.3007318263226892;0.10163666981370387
551.0;15.682208092063187;22.556211816799816;4.412706377964489E-7;7.907457723734856E-8;1.8138606101965067;0.10163666981370387
552.0;15.666692066644634;22.524752748637464;4.4127063988860233E-7;7.907457812266228E-8;0.8938792162139961;0.10163666981370387
553.0;15.696236030300016;22.475476362998638;4.4127064192536065E-7;7.907457898453506E-8;-0.12856301682787574;0.10163666981370387
554.0;15.661440307183753;22.406430360106125;4.4127064390819056E-7;7.907457982358756E-8;-1.0729174982282856;0.10163666981370387
555.0;15.620747003143492;22.31901211699853;4.4127064583852E-7;7.907458064042398E-8;-2.0401031175911015;0.10163666981370387
556.0;15.604237288694916;22.213040866299153;4.4127064771773903E-7;7.907458143563257E-8;-2.9315898016925033;0.10163666981370387
557.0;15.593464586244584;22.09034078010296;4.4127064954720086E-7;7.907458220978598E-8;-3.593879099821379;0.10163666981370387
558.0;15.60737578605141;21.95575861325201;4.412706513282231E-7;7.907458296344168E-8;-4.134662764280179;0.10163666981370387
559.0;15.602811606391498;21.811841962173318;4.4127065306208817E-7;7.907458369714241E-8;-4.205512518025252;0.10163666981370387
560.0;15.589519782198108;21.667844317917314;4.4127065475004473E-7;7.907458441141654E-8;-2.921386364811397;0.10163666981370387
561.0;15.611033909449173;21.550696141898086;4.4127065639330834E-7;7.907458510677844E-8;-0.19771714848632627;0.10163666981370387
562.0;15.62211425391018;21.488724012272165;4.4127065799306236E-7;7.907458578372883E-8;2.7710442402367974;0.10163666981370387
563.0;15.67553163441286;21.486394546757946;4.412706595504588E-7;7.907458644275524E-8;4.758755899068035;0.10163666981370387
564.0;15.719148296613746;21.523876619497344;4.412706610666192E-7;7.907458708433224E-8;6.0203415967393425;0.10163666981370387
565.0;15.799670383536434;21.58655385830063;4.412706625426354E-7;7.907458770892183E-8;7.075376299738508;0.10163666981370387
566.0;15.864914060767662;21.670197468706675;4.4127066397957026E-7;7.907458831697381E-8;7.932163257491261;0.10163666981370387
567.0;15.897181604690665;21.770444200310337;4.4127066537845857E-7;7.907458890892608E-8;8.618904751232726;0.10163666981370387
568.0;15.95194478745449;21.883719953123503;4.4127066674030776E-7;7.90745894852049E-8;8.906998209638942;0.10163666981370387
569.0;15.96548707111179;22.001917503419367;4.412706680660985E-7;7.907459004622523E-8;8.30185148140938;0.10163666981370387
570.0;16.03239900782837;22.107385890211987;4.412706693567856E-7;7.907459059239115E-8;6.877392330841538;0.10163666981370387
571.0;16.074518652301744;22.184180337517827;4.4127067061329836E-7;7.907459112409591E-8;5.096898967292475;0.10163666981370387
572.0;16.112836974005774;22.225400693567902;4.412706718365418E-7;7.907459164172241E-8;3.3862554286771243;0.10163666981370387
573.0;16.09836140900505;22.232497121154704;4.4127067302739674E-7;7.907459214564344E-8;1.6444391804202922;0.10163666981370387
574.0;16.093844856728765;22.204980691198962;4.4127067418672073E-7;7.907459263622185E-8;-0.10795473670349764;0.10163666981370387
575.0;16.06582857612842;22.14291285212302;4.412706753153486E-7;7.907459311381095E-8;-1.419441351293628;0.10163666981370387
576.0;16.035393630058206;22.05522659855438;4.4127067641409323E-7;7.907459357875465E-8;-2.346830676992049;0.10163666981370387
577.0;15.985155781877955;21.949659947521653;4.4127067748374576E-7;7.90745940313878E-8;-3.0427615216632447;0.10163666981370387
578.0;15.912560201122943;21.83075942585756;4.412706785250765E-7;7.907459447203633E-8;-3.516161003108728;0.10163666981370387
579.0;15.844797010185966;21.702972594781954;4.412706795388354E-7;7.907459490101755E-8;-3.834667001472795;0.10163666981370387
580.0;15.819760200869768;21.56968467210824;4.412706805257524E-7;7.907459531864039E-8;-3.8674812107558125;0.10163666981370387
581.0;15.778528839034898;21.436726821158903;4.412706814865383E-7;7.90745957252056E-8;-3.5082429728151894;0.10163666981370387
582.0;15.731452856796757;21.31174286324723;4.412706824218849E-7;7.907459612100595E-8;-2.791595978786532;0.10163666981370387
583.0;15.679958353221622;21.20167375969034;4.412706833324658E-7;7.907459650632649E-8;-1.7508038522913836;0.10163666981370387
584.0;15.62845034080734;21.112763327736772;4.412706842189367E-7;7.907459688144467E-8;-0.24104612789805202;0.10163666981370387
585.0;15.61742455495098;21.054280231748024;4.412706850819361E-7;7.907459724663064E-8;1.915828418687198;0.10163666981370387
586.0;15.638349325015447;21.039079858853363;4.4127068592208534E-7;7.907459760214738E-8;4.184067492734627;0.10163666981370387
587.0;15.65425444971375;21.069071173843255;4.4127068673998946E-7;7.90745979482509E-8;5.97087202075798;0.10163666981370387
588.0;15.705479967503383;21.134440165662763;4.412706875362375E-7;7.907459828519044E-8;7.511497139329087;0.10163666981370387
589.0;15.761285607403012;21.23016513412354;4.4127068831140286E-7;7.907459861320865E-8;8.933613133611239;0.10163666981370387
590.0;15.826590451652558;21.35367423279946;4.412706890660438E-7;7.907459893254174E-8;10.08518961347606;0.10163666981370387
591.0;15.904144441346343;21.499451205207492;4.4127068980070357E-7;7.907459924341968E-8;11.075232899518952;0.10163666981370387
592.0;16.001584378519286;21.664240854039534;4.412706905159114E-7;7.907459954606631E-8;11.635244199741187;0.10163666981370387
593.0;16.07247675635722;21.83931659990665;4.412706912121823E-7;7.907459984069962E-8;11.114767251788471;0.10163666981370387
594.0;16.179548498164042;22.00325746236832;4.412706918900176E-7;7.907460012753173E-8;9.516592154620476;0.10163666981370387
595.0;16.22489481970503;22.134726683681816;4.4127069254990544E-7;7.907460040676925E-8;7.491299533221806;0.10163666981370387
596.0;16.248034514810733;22.225185575388355;4.4127069319232117E-7;7.907460067861322E-8;5.605435887137503;0.10163666981370387
597.0;16.271568462242485;22.277687617414188;4.4127069381772725E-7;7.907460094325941E-8;3.73519553704201;0.10163666981370387
598.0;16.262262006578588;22.29275272309451;4.4127069442657417E-7;7.907460120089845E-8;1.8599226044900021;0.10163666981370387
599.0;16.26000055555297;22.27052355667021;4.412706950193002E-7;7.907460145171584E-8;0.3916725390062652;0.10163666981370387
600.0;16.27580612646442;22.219538879392367;4.4127069559633233E-7;7.907460169589218E-8;-0.7059555675466882;0.10163666981370387
601.0;16.267538020526803;22.1473789008547;4.41270696158086E-7;7.907460193360335E-8;-1.6834658036937924;0.10163666981370387
602.0;16.274640214629823;22.05658609459572;4.4127069670496585E-7;7.907460216502049E-8;-2.5458503231428082;0.10163666981370387
603.0;16.22941736834881;21.94943546621474;4.412706972373657E-7;7.907460239031028E-8;-3.3564811871683276;0.10163666981370387
604.0;16.222608479070292;21.82704741401589;4.4127069775566887E-7;7.907460260963495E-8;-3.9604780833068247;0.10163666981370387
605.0;16.227763524271932;21.69390306692567;4.412706982602487E-7;7.907460282315244E-8;-4.209559502812212;0.10163666981370387
606.0;16.209148971000598;21.557067834060902;4.412706987514684E-7;7.90746030310165E-8;-4.1961385044920405;0.10163666981370387
607.0;16.180267927333297;21.42160400999028;4.412706992296819E-7;7.907460323337683E-8;-3.6748995639312483;0.10163666981370387
608.0;16.15564925323383;21.29751359664674;4.4127069969523345E-7;7.907460343037915E-8;-1.8800805512238838;0.10163666981370387
609.0;16.184030546045456;21.210157901791217;4.412707001484583E-7;7.907460362216533E-8;1.334871808840873;0.10163666981370387
610.0;16.22598835281364;21.187589660141388;4.412707005896829E-7;7.907460380887347E-8;4.736774263491618;0.10163666981370387
611.0;16.28648672679161;21.23302999590207;4.412707010192249E-7;7.907460399063805E-8;7.1215654675373585;0.10163666981370387
612.0;16.363151779130735;21.325865914333967;4.412707014373937E-7;7.907460416758995E-8;8.765339418582435;0.10163666981370387
613.0;16.445940819326616;21.451085766739357;4.4127070184449045E-7;7.907460433985658E-8;10.18844720961313;0.10163666981370387
614.0;16.532135514898606;21.604054660623394;4.412707022408083E-7;7.907460450756204E-8;11.203639192672789;0.10163666981370387
615.0;16.618729713303;21.77645145958287;4.412707026266325E-7;7.907460467082704E-8;11.846888968918222;0.10163666981370387
616.0;16.71816081153067;21.960794912360864;4.4127070300224113E-7;7.90746048297692E-8;11.995440805156349;0.10163666981370387
617.0;16.827800342065984;22.147296200953658;4.412707033679045E-7;7.907460498450297E-8;11.158004365022876;0.10163666981370387
618.0;16.972498670135526;22.316655313842926;4.41270703723886E-7;7.907460513513975E-8;9.293935164835048;0.10163666981370387
619.0;17.068690115350684;22.448664224267045;4.41270704070442E-7;7.907460528178804E-8;7.071232590423762;0.10163666981370387
620.0;17.132327281385255;22.53619931638108;4.412707044078221E-7;7.907460542455344E-8;5.191109832791376;0.10163666981370387
621.0;17.148057455240366;22.58607711647546;4.412707047362692E-7;7.907460556353874E-8;3.5027374336440715;0.10163666981370387
622.0;17.160447228623955;22.60221030468845;4.4127070505601974E-7;7.907460569884408E-8;1.9591627804935925;0.10163666981370387
623.0;17.16236770971298;22.587725043506634;4.412707053673041E-7;7.907460583056683E-8;1.2022035423161839;0.10163666981370387
624.0;17.16049495566399;22.558409801742563;4.4127070567034637E-7;7.907460595880192E-8;1.2597640992503827;0.10163666981370387
625.0;17.232137483893304;22.53086507172902;4.412707059653649E-7;7.907460608364166E-8;1.5101985235231439;0.10163666981370387
626.0;17.267388386688605;22.509064174534796;4.4127070625257204E-7;7.907460620517592E-8;1.317384318085928;0.10163666981370387
627.0;17.272227490369627;22.48385748187505;4.412707065321746E-7;7.907460632349226E-8;0.7581918845536535;0.10163666981370387
628.0;17.329000708538004;22.44814142338736;4.4127070680437404E-7;7.907460643867587E-8;0.3374447825931526;0.10163666981370387
629.0;17.36486736618744;22.404905068772056;4.4127070706936623E-7;7.907460655080972E-8;0.2652592648919736;0.10163666981370387
630.0;17.3468646204423;22.360748573396705;4.412707073273421E-7;7.907460665997451E-8;0.35196066365658396;0.10163666981370387
631.0;17.351384111056536;22.31867419707388;4.412707075784874E-7;7.90746067662489E-8;0.6898291695676093;0.10163666981370387
632.0;17.383165480268175;22.28387315570563;4.41270707822983E-7;7.90746068697094E-8;1.8577226320107627;0.10163666981370387
633.0;17.412197477633313;22.272809521237946;4.412707080610049E-7;7.907460697043052E-8;3.8625838553369647;0.10163666981370387
634.0;17.496362521085054;22.302064573329453;4.4127070829272464E-7;7.907460706848477E-8;5.984629499923116;0.10163666981370387
635.0;17.544110642747142;22.373648326767142;4.41270708518309E-7;7.90746071639428E-8;7.571956998747076;0.10163666981370387
636.0;17.62185372438425;22.476542614491066;4.4127070873792034E-7;7.907460725687337E-8;8.90145590636677;0.10163666981370387
637.0;17.728893134830415;22.605631569802252;4.4127070895171696E-7;7.907460734734335E-8;9.943901186564332;0.10163666981370387
638.0;17.80355830070947;22.754963011788124;4.4127070915985286E-7;7.907460743541788E-8;10.239739310007515;0.10163666981370387
639.0;17.88853680478065;22.909466206425922;4.412707093624777E-7;7.907460752116042E-8;9.877466785531638;0.10163666981370387
640.0;17.9815932718453;23.056163769400463;4.412707095597376E-7;7.907460760463271E-8;9.118185068906222;0.10163666981370387
641.0;18.107788051670997;23.187482668042314;4.412707097517745E-7;7.907460768589486E-8;8.094573993560218;0.10163666981370387
642.0;18.204804304978982;23.29836134825254;4.4127070993872676E-7;7.90746077650054E-8;6.718396798745026;0.10163666981370387
643.0;18.202300830787337;23.38139314802413;4.41270710120729E-7;7.90746078420213E-8;5.220181784629482;0.10163666981370387
644.0;18.215689524649104;23.434033723425145;4.4127071029791225E-7;7.907460791699798E-8;4.095800457384172;0.10163666981370387
645.0;18.21858785136006;23.463999455044853;4.412707104704041E-7;7.907460798998947E-8;3.2515615739449117;0.10163666981370387
646.0;18.17523360652815;23.4767736029145;4.412707106383288E-7;7.907460806104832E-8;2.4999834935487115;0.10163666981370387
647.0;18.161332852169814;23.47427889733409;4.412707108018073E-7;7.90746081302257E-8;1.8176559028245336;0.10163666981370387
648.0;18.12661244341988;23.458074019098298;4.4127071096095725E-7;7.907460819757143E-8;1.1818833005952172;0.10163666981370387
649.0;18.11574513125927;23.429231108546755;4.412707111158933E-7;7.907460826313402E-8;0.6101955635855134;0.10163666981370387
650.0;18.088546166457053;23.389176024537083;4.41270711266727E-7;7.907460832696068E-8;0.11942804124810635;0.10163666981370387
651.0;18.057772421739525;23.33952226153066;4.4127071141356703E-7;7.907460838909734E-8;-0.27395233998264246;0.10163666981370387
652.0;18.00898802030022;23.282183577215704;4.4127071155651914E-7;7.90746084495888E-8;-0.5344331941372715;0.10163666981370387
653.0;17.936686574731706;23.219660304647466;4.412707116956862E-7;7.907460850847857E-8;-0.6276538775748932;0.10163666981370387
654.0;17.899776652473637;23.1553725713638;4.4127071183116836E-7;7.90746085658091E-8;-0.5995998744131867;0.10163666981370387
655.0;17.84845915321374;23.091836345733473;4.412707119630633E-7;7.907460862162167E-8;-0.376671186596667;0.10163666981370387
656.0;17.79819629131219;23.032834150349043;4.4127071209146603E-7;7.907460867595642E-8;0.11224530126710164;0.10163666981370387
657.0;17.744454586049454;22.983570443046176;4.4127071221646893E-7;7.907460872885253E-8;0.8176605676676445;0.10163666981370387
658.0;17.745724683068143;22.94848721398861;4.412707123381621E-7;7.907460878034809E-8;1.67194767124451;0.10163666981370387
659.0;17.7045975743112;22.930446806426602;4.412707124566331E-7;7.907460883048018E-8;2.6694863932409376;0.10163666981370387
660.0;17.701141466877512;22.93209690435472;4.4127071257196733E-7;7.907460887928487E-8;3.9228881621181557;0.10163666981370387
661.0;17.719474052306893;22.958595564830127;4.4127071268424785E-7;7.907460892679736E-8;5.107864683654022;0.10163666981370387
662.0;17.743557960534876;23.008480176798727;4.412707127935554E-7;7.907460897305181E-8;5.814952227481406;0.10163666981370387
663.0;17.781214111777064;23.072164798541845;4.412707128999687E-7;7.907460901808157E-8;6.1807829794220694;0.10163666981370387
664.0;17.80112211132069;23.14274267671271;4.4127071300356445E-7;7.907460906191906E-8;6.218918368457103;0.10163666981370387
665.0;17.77862111565467;23.213369343365624;4.4127071310441727E-7;7.907460910459582E-8;5.569732009258644;0.10163666981370387
666.0;17.7839627335969;23.270382358861454;4.4127071320259977E-7;7.907460914614263E-8;4.063699867240594;0.10163666981370387
667.0;17.778933975947755;23.29705101104922;4.4127071329818257E-7;7.907460918658938E-8;2.3816286387360464;0.10163666981370387
668.0;17.77620158176314;23.290151528019855;4.412707133912346E-7;7.907460922596519E-8;1.3348843237582813;0.10163666981370387
669.0;17.75878176199229;23.262516844798025;4.4127071348182286E-7;7.907460926429843E-8;0.7411892019029906;0.10163666981370387
670.0;17.738687504984785;23.22322630712202;4.4127071357001254E-7;7.90746093016167E-8;0.013300164388745372;0.10163666981370387
671.0;17.712235356146262;23.169695384504042;4.412707136558672E-7;7.907460933794687E-8;-0.9222481649328103;0.10163666981370387
672.0;17.724367255225268;23.098116183413893;4.412707137394486E-7;7.907460937331509E-8;-1.527833242423121;0.10163666981370387
673.0;17.675692957750478;23.015077624920114;4.4127071382081704E-7;7.907460940774686E-8;-1.5022319973588267;0.10163666981370387
674.0;17.676916787335394;22.93312840334395;4.4127071390003103E-7;7.907460944126695E-8;-1.4198645867021753;0.10163666981370387
675.0;17.661908487533807;22.85354184681218;4.412707139771476E-7;7.907460947389951E-8;-1.5581215744597756;0.10163666981370387
676.0;17.621405932974053;22.771726529895375;4.412707140522223E-7;7.907460950566805E-8;-1.5349221675587899;0.10163666981370387
677.0;17.556570045222873;22.690653966776125;4.4127071412530924E-7;7.907460953659545E-8;-1.415006023771376;0.10163666981370387
678.0;17.507049478752844;22.61218780012907;4.41270714196461E-7;7.907460956670395E-8;-1.4769227913243768;0.10163666981370387
679.0;17.446598999569623;22.532726163889436;4.412707142657288E-7;7.907460959601523E-8;-1.3405346796488047;0.10163666981370387
680.0;17.39695517415676;22.456201571861634;4.412707143331626E-7;7.907460962455044E-8;-0.2085270751931958;0.10163666981370387
681.0;17.346740136922133;22.40232691963068;4.412707143988109E-7;7.907460965233011E-8;1.9785688339349647;0.10163666981370387
682.0;17.31343577564112;22.391829826260373;4.41270714462721E-7;7.907460967937426E-8;4.198302951449314;0.10163666981370387
683.0;17.305609857520373;22.425139238983284;4.4127071452493896E-7;7.90746097057023E-8;5.625161895992498;0.10163666981370387
684.0;17.279221602253504;22.48617593320726;4.4127071458550944E-7;7.907460973133327E-8;6.487067540758943;0.10163666981370387
685.0;17.28194644682465;22.563548641630497;4.4127071464447627E-7;7.90746097562856E-8;7.120547105238998;0.10163666981370387
686.0;17.27700975132495;22.652682541639372;4.412707147018817E-7;7.907460978057725E-8;7.377503048496074;0.10163666981370387
687.0;17.279800033994082;22.74601650171654;4.4127071475776724E-7;7.907460980422571E-8;7.272781672828927;0.10163666981370387
688.0;17.297628849453965;22.836467642483377;4.4127071481217307E-7;7.907460982724803E-8;6.800655203963643;0.10163666981370387
689.0;17.289278125191704;22.91674066496939;4.412707148651383E-7;7.907460984966077E-8;5.798732736491765;0.10163666981370387
690.0;17.312748298345518;22.976487080118904;4.4127071491670117E-7;7.907460987148007E-8;4.189158420831468;0.10163666981370387
691.0;17.288483054388497;23.003807059947665;4.4127071496689883E-7;7.907460989272166E-8;2.4469032271395506;0.10163666981370387
692.0;17.245618661095957;22.996070621150853;4.4127071501576734E-7;7.907460991340082E-8;1.4018022770874836;0.10163666981370387
693.0;17.18191978754745;22.96721660927771;4.41270715063342E-7;7.907460993353242E-8;1.0068515823314144;0.10163666981370387
694.0;17.117413114225368;22.930206014802035;4.4127071510965697E-7;7.9074609953131E-8;0.6868214412921958;0.10163666981370387
695.0;17.05365891731551;22.88660029544097;4.4127071515474554E-7;7.907460997221068E-8;0.2422956555193423;0.10163666981370387
696.0;16.988828127788853;22.833999924566992;4.412707151986404E-7;7.907460999078514E-8;-0.1845691075446112;0.10163666981370387
697.0;16.916166022864967;22.772798288606563;4.41270715241373E-7;7.907461000886781E-8;-0.5356401816250909;0.10163666981370387
698.0;16.84980176673232;22.704571896109247;4.4127071528297415E-7;7.90746100264717E-8;-0.8925531543373566;0.10163666981370387
699.0;16.796042253450707;22.629366742435817;4.4127071532347376E-7;7.907461004360946E-8;-1.3339384464878066;0.10163666981370387
700.0;16.710928282109595;22.54548630780465;4.4127071536290103E-7;7.907461006029349E-8;-1.660114664895005;0.10163666981370387
701.0;16.63011040698828;22.455163673459396;4.4127071540128443E-7;7.907461007653574E-8;-1.7576563074686504;0.10163666981370387
702.0;16.533517381000696;22.362926775320727;4.4127071543865145E-7;7.907461009234795E-8;-1.753264151889546;0.10163666981370387
703.0;16.426916801155507;22.270684640392044;4.412707154750291E-7;7.907461010774149E-8;-1.4347012786972684;0.10163666981370387
704.0;16.352228859787175;22.184760610899772;4.412707155104436E-7;7.907461012272745E-8;-0.36277796200638335;0.10163666981370387
705.0;16.328547292275708;22.120400096053;4.4127071554492036E-7;7.907461013731661E-8;1.5307465317252351;0.10163666981370387
706.0;16.276696925443485;22.093749951621923;4.412707155784843E-7;7.907461015151949E-8;3.664387045744199;0.10163666981370387
707.0;16.27337447492308;22.109294048103393;4.412707156111596E-7;7.90746101653463E-8;5.401018617811381;0.10163666981370387
708.0;16.289057186849785;22.159096010764507;4.4127071564296967E-7;7.907461017880703E-8;6.932939586078369;0.10163666981370387
709.0;16.296307257450476;22.23882199407254;4.4127071567393746E-7;7.907461019191134E-8;8.268659468035693;0.10163666981370387
710.0;16.32595649268109;22.344368536688243;4.4127071570408537E-7;7.907461020466868E-8;8.709374442069496;0.10163666981370387
711.0;16.350544241437962;22.457864250605052;4.4127071573343496E-7;7.907461021708824E-8;8.290175027136549;0.10163666981370387
712.0;16.373010859896528;22.56218829951522;4.412707157620075E-7;7.907461022917896E-8;7.574823766227148;0.10163666981370387
713.0;16.379377454376392;22.65148301735207;4.412707157898235E-7;7.907461024094955E-8;6.751537447373131;0.10163666981370387
714.0;16.37277195094635;22.723618569343532;4.4127071581690296E-7;7.907461025240849E-8;5.647782762163615;0.10163666981370387
715.0;16.39940314295258;22.77331709263859;4.4127071584326543E-7;7.9074610263564E-8;4.391732971846771;0.10163666981370387
716.0;16.417210782454994;22.79790312714342;4.412707158689299E-7;7.907461027442418E-8;3.145721567174263;0.10163666981370387
717.0;16.38899874075137;22.797550668304545;4.412707158939149E-7;7.90746102849968E-8;1.8112317716256143;0.10163666981370387
718.0;16.383200942137574;22.770641848867633;4.412707159182383E-7;7.907461029528945E-8;0.5877905439309856;0.10163666981370387
